이름,연도,팀,연봉,war
오승환,2023,삼성,140000,0.77
피렐라,2023,삼성,120000,0.7
뷰캐넌,2023,삼성,110000,6.31
수아레즈,2023,삼성,90000,2.52
강민호,2023,삼성,60000,2.61
와이드너,2023,삼성,59800,1.71
오재일,2023,삼성,50000,0.99
백정현,2023,삼성,40000,3.09
원태인,2023,삼성,35000,4.48
우규민,2023,삼성,25000,0.15
김태훈,2023,삼성,18000,-0.62
김지찬,2023,삼성,16000,2.46
류지혁,2023,삼성,15500,0.38
강한울,2023,삼성,15000,-0.16
최채흥,2023,삼성,15000,0.21
최지광,2023,삼성,14000,-0.12
김헌곤,2023,삼성,12000,-0.18
이승현,2023,삼성,12000,0.55
김동엽,2023,삼성,9000,0.03
장필준,2023,삼성,8000,-0.26
이승현,2023,삼성,8000,0.05
김현준,2023,삼성,8000,1.24
이상민,2023,삼성,7500,-0.2
김재성,2023,삼성,7500,0.27
김대우,2023,삼성,7000,0.29
홍정우,2023,삼성,6300,-0.33
문용익,2023,삼성,6300,0.23
이재현,2023,삼성,6000,2.98
이재익,2023,삼성,5700,0.29
김호재,2023,삼성,5600,-0.2
최충연,2023,삼성,5500,-0.09
허윤동,2023,삼성,5400,-0.15
김민수,2023,삼성,5200,-0.03
최형우,2023,KIA,90000,3.93
나성범,2023,KIA,80000,3.68
앤더슨,2023,KIA,60000,1.34
양현종,2023,KIA,50000,3.54
소크라테스,2023,KIA,50000,4.6
김선빈,2023,KIA,45000,2.69
파노니,2023,KIA,35000,1.73
메디나,2023,KIA,30000,-0.07
산체스,2023,KIA,25000,0.12
정해영,2023,KIA,23000,1.06
최원준,2023,KIA,22000,0.82
김태군,2023,KIA,20000,0.59
박찬호,2023,KIA,20000,4.71
장현식,2023,KIA,19000,0.25
김대유,2023,KIA,16000,-0.03
임기영,2023,KIA,15000,1.54
이의리,2023,KIA,15000,2.78
이준영,2023,KIA,14000,0.68
이창진,2023,KIA,14000,1.94
전상현,2023,KIA,13500,1.44
황대인,2023,KIA,13000,-0.22
박준표,2023,KIA,10500,0.01
한승택,2023,KIA,8000,-0.45
윤중현,2023,KIA,7900,0.24
김호령,2023,KIA,7000,0.9
고종욱,2023,KIA,7000,1.29
김재열,2023,KIA,6000,-0.37
이우성,2023,KIA,5500,2.66
허경민,2023,두산,120000,2.35
로하스,2023,두산,85000,2.41
정수빈,2023,두산,60000,4.87
알칸타라,2023,두산,50000,5.79
김재호,2023,두산,50000,3.3
딜런,2023,두산,45000,-0.08
양석환,2023,두산,40000,3.33
최원준,2023,두산,33000,1.23
홍건희,2023,두산,30000,0.84
양의지,2023,두산,30000,6.1
브랜든,2023,두산,23000,3.61
강승호,2023,두산,20000,1.98
김강률,2023,두산,20000,0.4
김명신,2023,두산,14500,0.95
곽빈,2023,두산,14000,4.36
이영하,2023,두산,12000,-0.31
박치국,2023,두산,10500,0.5
정철원,2023,두산,10000,-0.05
김인태,2023,두산,10000,0.38
박계범,2023,두산,9700,-0.06
이승진,2023,두산,8800,-0.02
조수행,2023,두산,7800,0.49
이형범,2023,두산,7000,-0.62
박준영,2023,두산,6000,1.88
최승용,2023,두산,6000,1.94
이유찬,2023,두산,6000,1.43
장승현,2023,두산,6000,-0.93
김민규,2023,두산,5500,0.04
안재석,2023,두산,5300,0.25
김광현,2023,SSG,100000,4.48
최정,2023,SSG,100000,4.85
에레디아,2023,SSG,90000,4.11
문승원,2023,SSG,70000,0.78
최주환,2023,SSG,65000,1.04
맥카티,2023,SSG,60000,3.38
엘리아스,2023,SSG,54000,3.54
박종훈,2023,SSG,50000,0.39
한유섬,2023,SSG,50000,0.35
최지훈,2023,SSG,30000,1.55
박성한,2023,SSG,27000,4.36
서진용,2023,SSG,26500,2.84
노경은,2023,SSG,17000,1.64
김강민,2023,SSG,16000,0.41
김성현,2023,SSG,15000,1.55
김민식,2023,SSG,15000,1.7
오원석,2023,SSG,14000,1.64
최민준,2023,SSG,13000,0.28
이재원,2023,SSG,10000,-0.81
오태곤,2023,SSG,10000,0.56
박민호,2023,SSG,9500,0.24
전의산,2023,SSG,9000,-0.22
고효준,2023,SSG,8500,0.78
강진성,2023,SSG,8000,0.2
이흥련,2023,SSG,7000,-0.35
서동민,2023,SSG,6000,0.05
하재훈,2023,SSG,5500,2.79
정성곤,2023,SSG,5500,-0.11
켈리,2023,LG,105000,3.41
김현수,2023,LG,100000,2.19
플럿코,2023,LG,80000,4.58
오지환,2023,LG,60000,5.14
박해민,2023,LG,60000,4.8
고우석,2023,LG,43000,0.53
정우영,2023,LG,40000,-0.74
오스틴,2023,LG,40000,5.74
최원태,2023,LG,35000,3.2
박동원,2023,LG,30000,2.92
홍창기,2023,LG,30000,7.91
진해수,2023,LG,25000,-0.01
이정용,2023,LG,24000,0.87
김진성,2023,LG,20000,2.03
서건창,2023,LG,20000,-0.53
김민성,2023,LG,18000,1.92
문보경,2023,LG,17000,4.45
임찬규,2023,LG,17000,3.4
김윤식,2023,LG,15000,1.48
이민호,2023,LG,14000,-0.01
송은범,2023,LG,14000,0.04
최성훈,2023,LG,13000,-0.18
이우찬,2023,LG,12000,0.78
최동환,2023,LG,10500,0.52
허도환,2023,LG,10000,-0.58
함덕주,2023,LG,10000,2.35
문성주,2023,LG,9500,4.76
윤호솔,2023,LG,8700,0.04
이재원,2023,LG,8500,0.15
이천웅,2023,LG,8000,0.14
배재준,2023,LG,7500,-0.02
정주현,2023,LG,6500,-0.81
김대현,2023,LG,6200,-0.08
안익훈,2023,LG,5100,0.12
스트레일리,2023,롯데,100000,1.78
렉스,2023,롯데,100000,0.17
반즈,2023,롯데,85000,5.74
유강남,2023,롯데,60000,4.09
안치홍,2023,롯데,50000,1.99
전준우,2023,롯데,50000,3.79
노진혁,2023,롯데,50000,2.56
구드럼,2023,롯데,40000,0.14
정훈,2023,롯데,30000,0.22
김원중,2023,롯데,25200,1.36
윌커슨,2023,롯데,25000,3.03
구승민,2023,롯데,24860,0.9
한현희,2023,롯데,20000,0.95
한동희,2023,롯데,19260,-2.48
최준용,2023,롯데,15800,1.55
이인복,2023,롯데,14500,-0.27
김상수,2023,롯데,11000,1.58
나균안,2023,롯데,10900,3.4
김도규,2023,롯데,9500,0.21
심재민,2023,롯데,8300,1.03
안권수,2023,롯데,8000,1.84
지시완,2023,롯데,7600,0.1
고승민,2023,롯데,7300,0.27
황성빈,2023,롯데,7200,0.4
문경찬,2023,롯데,7200,-0.19
신정락,2023,롯데,7000,-0.1
박승욱,2023,롯데,7000,1.92
김민수,2023,롯데,6300,-0.23
윤명준,2023,롯데,6000,-0.65
정보근,2023,롯데,5900,1.86
김진욱,2023,롯데,5600,-0.07
신윤후,2023,롯데,5300,-0.35
최재훈,2023,한화,80000,3.9
오그레디,2023,한화,70000,-0.87
스미스,2023,한화,70000,0.09
이태양,2023,한화,66000,1.44
페냐,2023,한화,55000,4.2
정우람,2023,한화,50000,0.26
산체스,2023,한화,40000,2.51
장시환,2023,한화,28000,0.52
윌리엄스,2023,한화,25000,-0.81
김민우,2023,한화,22800,-0.46
정은원,2023,한화,21800,1.03
강재민,2023,한화,15000,-0.64
김범수,2023,한화,14100,0.17
박상원,2023,한화,13300,-0.18
노시환,2023,한화,13100,6.82
장민재,2023,한화,11500,0.05
노수광,2023,한화,10900,-0.12
오선진,2023,한화,10000,0.02
하주석,2023,한화,10000,-0.58
윤대경,2023,한화,9000,1.08
김인환,2023,한화,6400,0.23
한승혁,2023,한화,6200,-0.26
김태연,2023,한화,6000,1.41
장진혁,2023,한화,6000,-0.44
주현상,2023,한화,5800,2.21
김재영,2023,한화,5300,-0.14
이민우,2023,한화,5100,0.16
박민우,2023,NC,110000,5.25
박건우,2023,NC,90000,3.92
페디,2023,NC,80000,7.95
마틴,2023,NC,72000,3.28
박세혁,2023,NC,70000,0.88
구창모,2023,NC,60000,1.7
손아섭,2023,NC,50000,4.62
이용찬,2023,NC,40000,0.72
이재학,2023,NC,20000,1.16
태너,2023,NC,15000,1.94
심창민,2023,NC,15000,0.06
김영규,2023,NC,14000,1.06
신민혁,2023,NC,13500,1.91
송명기,2023,NC,13000,0.86
김성욱,2023,NC,10000,0.34
권희동,2023,NC,9000,2.18
임정호,2023,NC,9000,0.18
김시훈,2023,NC,9000,-0.1
김주원,2023,NC,9000,2.22
하준영,2023,NC,7500,0.16
류진욱,2023,NC,7500,2.36
최성영,2023,NC,7200,0.94
최정원,2023,NC,6600,0.47
오영수,2023,NC,6000,-0.04
안중열,2023,NC,6000,-0.83
김진호,2023,NC,6000,0.38
배민서,2023,NC,5100,-0.13
벤자민,2023,KT,100000,2.9
알포드,2023,KT,100000,4.82
황재균,2023,KT,100000,3.24
박병호,2023,KT,70000,4.15
슐서,2023,KT,65000,0.33
김상수,2023,KT,50000,2.53
장성우,2023,KT,50000,3.43
쿠에바스,2023,KT,45000,4.57
고영표,2023,KT,43000,5.91
김재윤,2023,KT,36000,2.05
배정대,2023,KT,34000,1.82
소형준,2023,KT,32000,-0.19
조용호,2023,KT,32000,0.03
주권,2023,KT,29500,0.15
강백호,2023,KT,29000,0.98
김민수,2023,KT,25000,-0.18
박경수,2023,KT,20000,0.38
배제성,2023,KT,20000,1.95
엄상백,2023,KT,20000,2.91
김민혁,2023,KT,15000,3.85
신본기,2023,KT,13000,0.15
오윤석,2023,KT,12000,0.76
김준태,2023,KT,10000,0.72
조현우,2023,KT,7600,0.01
이상호,2023,KT,7000,-0.17
조이현,2023,KT,6500,-0.29
송민섭,2023,KT,6500,0.42
박영현,2023,KT,6100,1.98
이채호,2023,KT,6000,-0.14
김민,2023,KT,6000,-0.29
이호연,2023,KT,5700,1.14
문상철,2023,KT,5600,0.11
요키시,2023,키움,120000,0.94
이정후,2023,키움,110000,5.18
후라도,2023,키움,85000,7.12
러셀,2023,키움,55000,1.08
이지영,2023,키움,50000,0.86
원종현,2023,키움,50000,-0.17
김혜성,2023,키움,42000,6.98
안우진,2023,키움,35000,6.86
이용규,2023,키움,30000,-0.43
김재웅,2023,키움,22000,1.25
이원석,2023,키움,20000,-0.99
홍성민,2023,키움,15000,-0.01
이승호,2023,키움,12800,0.09
송성문,2023,키움,12000,1.95
이형종,2023,키움,12000,-0.21
김태진,2023,키움,12000,0.04
임창민,2023,키움,10000,1.26
맥키니,2023,키움,10000,0.11
정찬헌,2023,키움,10000,1.27
김준완,2023,키움,9000,-0.05
양현,2023,키움,8500,-0.56
도슨,2023,키움,8500,1.75
전병우,2023,키움,8000,-0.05
김휘집,2023,키움,7400,1.12
김선기,2023,키움,7300,-0.48
문성현,2023,키움,7000,-0.02
이영준,2023,키움,7000,-0.1
김재현,2023,키움,6500,-0.55
김동혁,2023,키움,6500,-0.46
하영민,2023,키움,6500,-0.44
김웅빈,2023,키움,6000,-0.64
임병욱,2023,키움,5800,0.44
김주형,2023,키움,5500,-0.73
뷰캐넌,2022,삼성,110000,5.75
백정현,2022,삼성,80000,1.75
수아레즈,2022,삼성,70000,6.65
오재일,2022,삼성,60000,2.42
피렐라,2022,삼성,60000,6.23
강민호,2022,삼성,60000,0.51
원태인,2022,삼성,30000,4.67
이원석,2022,삼성,30000,1.69
김상수,2022,삼성,25000,-0.13
김태군,2022,삼성,20000,0.91
우규민,2022,삼성,20000,0.54
김헌곤,2022,삼성,18000,-2.35
김동엽,2022,삼성,15000,-0.42
김대우,2022,삼성,12000,0.15
장필준,2022,삼성,12000,0.04
김지찬,2022,삼성,11000,3.79
이승현,2022,삼성,10000,0.59
강한울,2022,삼성,10000,1.87
오선진,2022,삼성,7000,0.52
김호재,2022,삼성,7000,-0.42
김윤수,2022,삼성,6500,0.15
최영진,2022,삼성,6500,-0.14
노성호,2022,삼성,5800,-0.01
박승규,2022,삼성,5700,0.43
이상민,2022,삼성,5500,0.01
김승현,2022,삼성,5500,-0.14
이승현,2022,삼성,5500,0.41
홍정우,2022,삼성,5300,0.61
양현종,2022,KIA,100000,3.07
최형우,2022,KIA,90000,3.3
소크라테스,2022,KIA,50000,4.54
김선빈,2022,KIA,45000,3.35
놀린,2022,KIA,35000,4.31
박동원,2022,KIA,31000,4.21
파노니,2022,KIA,30000,2.63
로니,2022,KIA,30000,-0.03
장현식,2022,KIA,20000,0.76
정해영,2022,KIA,17000,1.17
나지완,2022,KIA,15000,-0.02
임기영,2022,KIA,14000,2.51
박준표,2022,KIA,12500,-0.28
박찬호,2022,KIA,12000,4.1
전상현,2022,KIA,11000,0.96
류지혁,2022,KIA,10500,2.19
이의리,2022,KIA,9000,2.32
한승택,2022,KIA,8500,0.24
이창진,2022,KIA,7000,2.47
고종욱,2022,KIA,7000,0.46
이준영,2022,KIA,6700,1.22
황대인,2022,KIA,6500,-0.1
윤중현,2022,KIA,6500,-0.07
김호령,2022,KIA,6000,0.22
한승혁,2022,KIA,5300,0.07
허경민,2022,두산,120000,2.08
페르난데스,2022,두산,60000,0.48
정수빈,2022,두산,60000,1.97
김재호,2022,두산,50000,0.57
스탁,2022,두산,40000,2.68
양석환,2022,두산,39000,1.16
최원준,2022,두산,34000,3.43
오재원,2022,두산,30000,-0.48
박세혁,2022,두산,30000,2.32
홍건희,2022,두산,25000,0.36
김강률,2022,두산,22500,-0.33
이영하,2022,두산,16000,0.51
브랜든,2022,두산,15000,1.62
박치국,2022,두산,14500,0.13
박계범,2022,두산,14500,0.34
김인태,2022,두산,14000,1.88
윤명준,2022,두산,14000,-0.54
강진성,2022,두산,13000,-0.16
임창민,2022,두산,12000,-0.31
강승호,2022,두산,11500,3.56
이승진,2022,두산,11000,-0.24
이현승,2022,두산,10000,-0.31
김명신,2022,두산,10000,0.93
조수행,2022,두산,8500,-0.31
이형범,2022,두산,8100,-0.02
장승현,2022,두산,7800,-0.27
곽빈,2022,두산,6500,3.53
최용제,2022,두산,6500,0.05
이유찬,2022,두산,6000,-0.2
김지용,2022,두산,6000,-0.11
안재석,2022,두산,5800,1.24
최정,2022,SSG,120000,5.71
폰트,2022,SSG,110000,5.58
이재원,2022,SSG,100000,0.23
노바,2022,SSG,75000,-0.47
최주환,2022,SSG,65000,-0.39
크론,2022,SSG,60000,-0.06
라가레스,2022,SSG,40000,1.84
김상수,2022,SSG,30000,-0.15
김성현,2022,SSG,20000,0.39
서진용,2022,SSG,18500,0.78
모리만도,2022,SSG,18000,3.07
김강민,2022,SSG,16000,2.18
김태훈,2022,SSG,15000,-0.16
최지훈,2022,SSG,15000,6.49
박성한,2022,SSG,14000,6.87
김택형,2022,SSG,12500,0.38
박민호,2022,SSG,12000,-0.07
이태양,2022,SSG,12000,2.15
장지훈,2022,SSG,10500,0.1
오태곤,2022,SSG,10500,1.18
노경은,2022,SSG,10000,2.15
김민식,2022,SSG,9500,1.16
이흥련,2022,SSG,9000,-0.14
정성곤,2022,SSG,7500,-0.05
최민준,2022,SSG,6500,0.26
오원석,2022,SSG,6500,1.78
하재훈,2022,SSG,5300,0.07
켈리,2022,LG,90000,5.26
박해민,2022,LG,60000,6.52
루이즈,2022,LG,60000,-0.22
오지환,2022,LG,60000,6.99
플럿코,2022,LG,50000,5.26
홍창기,2022,LG,32000,4.0
진해수,2022,LG,30000,1.07
채은성,2022,LG,28000,2.06
정우영,2022,LG,28000,0.87
유강남,2022,LG,27000,3.07
고우석,2022,LG,27000,2.65
서건창,2022,LG,26000,-0.05
임찬규,2022,LG,20000,0.72
가르시아,2022,LG,18000,0.29
김민성,2022,LG,18000,-0.44
송은범,2022,LG,15000,0.32
이정용,2022,LG,14000,0.24
김대유,2022,LG,12500,1.25
함덕주,2022,LG,12000,0.34
이형종,2022,LG,12000,0.34
최성훈,2022,LG,10500,0.62
허도환,2022,LG,10000,-0.21
이천웅,2022,LG,10000,-0.06
김진성,2022,LG,10000,0.86
이민호,2022,LG,9800,0.3
이상호,2022,LG,8500,-0.13
김윤식,2022,LG,7000,2.7
문보경,2022,LG,6800,4.93
최동환,2022,LG,6000,0.22
이영빈,2022,LG,5500,0.13
안익훈,2022,LG,5500,-0.04
이재원,2022,LG,5200,1.62
안치홍,2022,롯데,100000,2.87
이대호,2022,롯데,80000,3.68
피터스,2022,롯데,60000,1.46
정훈,2022,롯데,55000,-0.04
스파크맨,2022,롯데,50000,1.25
전준우,2022,롯데,50000,1.55
반즈,2022,롯데,46000,5.7
스트레일리,2022,롯데,40000,2.44
렉스,2022,롯데,31370,2.94
김원중,2022,롯데,28000,0.63
박세웅,2022,롯데,26000,3.97
구승민,2022,롯데,18100,1.89
한동희,2022,롯데,17200,2.14
최준용,2022,롯데,10700,1.28
문경찬,2022,롯데,9000,-0.13
이인복,2022,롯데,8500,3.48
서준원,2022,롯데,8400,1.14
강윤구,2022,롯데,7300,0.04
이학주,2022,롯데,7000,-0.61
진명호,2022,롯데,6500,-0.09
김대우,2022,롯데,6500,-0.07
추재현,2022,롯데,6400,-0.23
안중열,2022,롯데,6400,-0.42
지시완,2022,롯데,6000,0.51
김재유,2022,롯데,6000,-0.08
나균안,2022,롯데,5800,2.73
김도규,2022,롯데,5700,0.96
이승헌,2022,롯데,5300,-0.05
김민수,2022,롯데,5300,0.33
김진욱,2022,롯데,5100,0.31
최재훈,2022,한화,100000,3.25
정우람,2022,한화,80000,0.19
터크먼,2022,한화,70000,4.06
킹험,2022,한화,70000,0.45
페냐,2022,한화,40000,1.33
카펜터,2022,한화,35000,0.64
라미레즈,2022,한화,27500,1.33
장시환,2022,한화,21000,0.24
하주석,2022,한화,20090,0.96
김민우,2022,한화,19100,3.09
정은원,2022,한화,19080,2.8
강재민,2022,한화,15000,0.22
박상원,2022,한화,13300,0.17
노수광,2022,한화,12840,1.68
노시환,2022,한화,12000,2.06
윤대경,2022,한화,9730,-0.51
김범수,2022,한화,9680,0.55
김종수,2022,한화,7900,-0.68
장민재,2022,한화,7600,3.03
이성곤,2022,한화,6400,0.2
윤호솔,2022,한화,6350,-0.09
이해창,2022,한화,6000,-0.28
장진혁,2022,한화,5800,0.61
김태연,2022,한화,5600,1.55
김재영,2022,한화,5500,-0.5
신정락,2022,한화,5400,-0.31
장운호,2022,한화,5350,0.73
주현상,2022,한화,5080,-0.67
양의지,2022,NC,100000,5.31
박석민,2022,NC,70000,-0.28
파슨스,2022,NC,44000,1.14
마티니,2022,NC,44000,2.33
박민우,2022,NC,41000,2.72
이용찬,2022,NC,40000,2.24
심창민,2022,NC,28000,-0.11
원종현,2022,NC,27000,0.89
노진혁,2022,NC,23000,2.3
구창모,2022,NC,19000,4.85
이재학,2022,NC,18000,1.02
더모디,2022,NC,18000,0.24
이명기,2022,NC,17500,-0.38
송명기,2022,NC,13000,1.33
신민혁,2022,NC,12000,1.89
권희동,2022,NC,11000,1.07
임정호,2022,NC,10500,0.37
김영규,2022,NC,9500,1.27
류진욱,2022,NC,7500,-0.11
박준영,2022,NC,7000,-0.18
김주원,2022,NC,6000,4.29
정진기,2022,NC,5500,0.13
김건태,2022,NC,5300,-0.4
쿠에바스,2022,KT,80000,0.39
데스파이네,2022,KT,70000,2.27
라모스,2022,KT,65000,0.39
박병호,2022,KT,60000,5.19
강백호,2022,KT,55000,-0.12
장성우,2022,KT,50000,3.85
알포드,2022,KT,47700,2.43
황재균,2022,KT,40000,1.86
고영표,2022,KT,30000,5.31
주권,2022,KT,29500,1.01
박경수,2022,KT,29000,-1.12
김재윤,2022,KT,28000,1.73
배제성,2022,KT,27000,1.54
배정대,2022,KT,26000,2.97
심우준,2022,KT,26000,1.54
조용호,2022,KT,24000,3.92
벤자민,2022,KT,23100,3.1
소형준,2022,KT,20000,4.7
박시영,2022,KT,12000,0.2
신본기,2022,KT,11500,-0.31
김민수,2022,KT,11500,2.53
조현우,2022,KT,9500,0.2
김민혁,2022,KT,9000,1.2
오윤석,2022,KT,9000,1.78
안영명,2022,KT,8500,0.02
심재민,2022,KT,8200,0.33
송민섭,2022,KT,8100,0.01
엄상백,2022,KT,8000,4.13
전유수,2022,KT,8000,-0.15
이창재,2022,KT,6700,-0.03
문상철,2022,KT,6600,-0.24
김준태,2022,KT,6500,1.63
김민,2022,KT,5500,0.18
요키시,2022,키움,90000,6.25
이정후,2022,키움,75000,8.89
푸이그,2022,키움,70000,3.52
이용규,2022,키움,40000,0.19
김혜성,2022,키움,32000,7.11
최원태,2022,키움,31000,2.08
이지영,2022,키움,30000,2.64
정찬헌,2022,키움,28000,0.6
애플러,2022,키움,27500,2.34
한현희,2022,키움,25000,1.15
김태훈,2022,키움,19000,0.41
안우진,2022,키움,15000,8.45
김재웅,2022,키움,10400,2.74
양현,2022,키움,10000,-0.19
김태진,2022,키움,10000,0.22
이승호,2022,키움,8500,0.76
송성문,2022,키움,7500,2.71
전병우,2022,키움,7000,0.36
김웅빈,2022,키움,7000,0.74
김재현,2022,키움,6500,-0.7
김선기,2022,키움,6300,0.02
김동혁,2022,키움,6000,0.13
이영준,2022,키움,6000,-0.03
오승환,2021,삼성,110000,2.54
뷰캐넌,2021,삼성,90000,5.69
오재일,2021,삼성,60000,2.88
라이블리,2021,삼성,50000,1.02
피렐라,2021,삼성,50000,3.1
강민호,2021,삼성,50000,3.91
몽고메리,2021,삼성,45000,0.79
박해민,2021,삼성,38000,4.19
구자욱,2021,삼성,36000,5.56
이원석,2021,삼성,30000,1.01
심창민,2021,삼성,28000,0.3
백정현,2021,삼성,25500,6.15
김상수,2021,삼성,25000,0.28
김동엽,2021,삼성,21000,-0.42
우규민,2021,삼성,20000,0.77
장필준,2021,삼성,16500,-0.48
김헌곤,2021,삼성,16000,1.08
최채흥,2021,삼성,16000,2.51
김대우,2021,삼성,15500,-0.03
이승현,2021,삼성,15000,-0.16
원태인,2021,삼성,13000,6.03
최지광,2021,삼성,12000,0.46
강한울,2021,삼성,12000,-0.44
임현준,2021,삼성,10000,0.01
오선진,2021,삼성,10000,-0.49
김윤수,2021,삼성,8000,-0.08
최영진,2021,삼성,7500,0.16
이학주,2021,삼성,7000,-0.44
노성호,2021,삼성,7000,0.38
김지찬,2021,삼성,7000,1.23
김호재,2021,삼성,6000,-0.04
박승규,2021,삼성,5700,1.03
김도환,2021,삼성,5200,-0.13
브룩스,2021,KIA,100000,2.31
최형우,2021,KIA,90000,1.51
터커,2021,KIA,70000,0.35
김선빈,2021,KIA,45000,2.7
멩덴,2021,KIA,42500,3.48
나지완,2021,KIA,40000,-1.15
박준표,2021,KIA,16000,-0.17
전상현,2021,KIA,14000,0.37
최원준,2021,KIA,13000,3.6
유민상,2021,KIA,10500,0.04
장현식,2021,KIA,10500,2.43
박찬호,2021,KIA,10000,1.87
임기영,2021,KIA,10000,3.27
나주환,2021,KIA,10000,-0.26
류지혁,2021,KIA,10000,2.01
홍상삼,2021,KIA,9000,-0.13
강경학,2021,KIA,8700,0.06
김태진,2021,KIA,8500,0.5
김민식,2021,KIA,8500,1.66
김호령,2021,KIA,8500,0.86
한승택,2021,KIA,8500,1.25
이창진,2021,KIA,7000,0.66
정해영,2021,KIA,7000,2.56
이준영,2021,KIA,6000,-0.01
다카하시,2021,KIA,6000,0.49
이민우,2021,KIA,6000,-0.54
고영창,2021,KIA,5200,-0.13
허경민,2021,두산,100000,-1.19
김재환,2021,두산,76000,4.77
정수빈,2021,두산,60000,1.43
김재호,2021,두산,60000,0.52
페르난데스,2021,두산,60000,3.09
미란다,2021,두산,55000,7.49
로켓,2021,두산,49300,4.49
박건우,2021,두산,48000,4.95
유희관,2021,두산,30000,-0.63
오재원,2021,두산,30000,-0.28
박세혁,2021,두산,26000,0.61
양석환,2021,두산,21000,2.38
이영하,2021,두산,19000,-0.04
최원준,2021,두산,16000,4.88
박치국,2021,두산,16000,0.18
윤명준,2021,두산,15600,0.17
홍건희,2021,두산,11000,2.39
김강률,2021,두산,11000,1.81
이승진,2021,두산,10000,1.19
이형범,2021,두산,9000,-0.11
장원준,2021,두산,8000,-0.16
조수행,2021,두산,7500,1.33
이현승,2021,두산,7000,0.94
박계범,2021,두산,7000,2.75
김인태,2021,두산,6500,3.42
김민규,2021,두산,5500,0.13
이재원,2021,SSG,130000,1.38
최정,2021,SSG,120000,7.04
로맥,2021,SSG,90000,1.46
폰트,2021,SSG,85000,4.09
최주환,2021,SSG,65000,2.52
르위키,2021,SSG,55000,0.47
박종훈,2021,SSG,32000,2.09
정의윤,2021,SSG,30000,-0.77
문승원,2021,SSG,25700,1.74
김성현,2021,SSG,25000,2.01
가빌리오,2021,SSG,24600,1.01
김강민,2021,SSG,20000,1.39
한유섬,2021,SSG,18000,3.88
서진용,2021,SSG,17000,1.27
김태훈,2021,SSG,16000,0.94
신재영,2021,SSG,14000,0.03
고종욱,2021,SSG,11000,-0.65
이태양,2021,SSG,10000,0.74
박민호,2021,SSG,10000,0.65
오태곤,2021,SSG,9500,0.99
최지훈,2021,SSG,8000,2.84
김세현,2021,SSG,8000,-0.08
최항,2021,SSG,7500,0.16
하재훈,2021,SSG,7000,0.43
이흥련,2021,SSG,7000,0.16
정영일,2021,SSG,6500,-0.02
김찬형,2021,SSG,5800,0.55
신재웅,2021,SSG,5500,0.1
김현수,2021,LG,100000,3.91
켈리,2021,LG,70000,5.63
라모스,2021,LG,60000,0.82
오지환,2021,LG,60000,4.45
수아레즈,2021,LG,40000,4.52
김민성,2021,LG,40000,2.71
차우찬,2021,LG,30000,0.23
유강남,2021,LG,30000,2.43
보어,2021,LG,30000,-0.46
채은성,2021,LG,30000,2.71
송은범,2021,LG,27000,0.54
진해수,2021,LG,25000,0.82
서건창,2021,LG,22500,3.06
임찬규,2021,LG,22000,1.79
이천웅,2021,LG,19000,-0.45
이형종,2021,LG,18000,0.62
정우영,2021,LG,18000,2.49
고우석,2021,LG,18000,2.52
함덕주,2021,LG,16500,0.26
정주현,2021,LG,14000,0.65
최동환,2021,LG,12000,-0.03
김용의,2021,LG,10000,0.67
홍창기,2021,LG,10000,6.75
이상호,2021,LG,9000,-0.03
이성우,2021,LG,8000,-0.21
김대현,2021,LG,8000,-0.14
최성훈,2021,LG,7200,0.39
김지용,2021,LG,7000,0.17
이민호,2021,LG,7000,2.13
구본혁,2021,LG,6300,-0.08
신민재,2021,LG,5500,-0.08
안익훈,2021,LG,5500,-0.41
스트레일리,2021,롯데,90000,4.37
이대호,2021,롯데,80000,0.88
마차도,2021,롯데,50000,4.24
전준우,2021,롯데,50000,3.84
손아섭,2021,롯데,50000,2.73
민병헌,2021,롯데,50000,-0.69
안치홍,2021,롯데,29000,2.94
프랑코,2021,롯데,24500,2.1
노경은,2021,롯데,20000,-0.2
김원중,2021,롯데,17000,1.86
박세웅,2021,롯데,16500,5.23
구승민,2021,롯데,15000,1.38
박진형,2021,롯데,12000,-0.33
한동희,2021,롯데,11000,2.87
정훈,2021,롯데,10000,3.11
강윤구,2021,롯데,10000,-0.25
서준원,2021,롯데,8500,-0.3
진명호,2021,롯데,7500,0.2
오현택,2021,롯데,7500,-0.13
김건국,2021,롯데,6000,0.03
이병규,2021,롯데,5500,0.05
정우람,2021,한화,80000,-0.4
힐리,2021,한화,50000,0.63
이성열,2021,한화,40000,-0.07
카펜터,2021,한화,30000,2.79
페레즈,2021,한화,30000,0.72
최재훈,2021,한화,26000,4.84
킹험,2021,한화,25000,4.2
노수광,2021,한화,17300,0.17
장시환,2021,한화,15400,-0.34
하주석,2021,한화,13500,3.17
정은원,2021,한화,12000,4.46
정진호,2021,한화,12000,0.08
장민재,2021,한화,10000,0.41
김민우,2021,한화,9000,3.9
신정락,2021,한화,8000,-0.68
김진영,2021,한화,7900,0.05
강재민,2021,한화,7900,1.79
윤대경,2021,한화,7700,1.39
김범수,2021,한화,6500,0.5
김종수,2021,한화,6100,-0.11
이해창,2021,한화,6000,-0.3
노시환,2021,한화,6000,4.21
임준섭,2021,한화,5800,-0.35
이성곤,2021,한화,5400,0.9
루친스키,2021,NC,130000,5.79
알테어,2021,NC,110000,5.81
나성범,2021,NC,78000,3.41
박석민,2021,NC,70000,1.23
박민우,2021,NC,63000,1.96
파슨스,2021,NC,32000,4.39
원종현,2021,NC,30000,0.09
모창민,2021,NC,30000,-0.11
이명기,2021,NC,27000,0.76
노진혁,2021,NC,23000,3.09
김태군,2021,NC,20000,1.9
이재학,2021,NC,20000,1.65
김진성,2021,NC,20000,-0.63
권희동,2021,NC,17000,1.39
임창민,2021,NC,14000,0.43
임정호,2021,NC,13000,0.82
강진성,2021,NC,12000,-0.67
박진우,2021,NC,11500,0.35
문경찬,2021,NC,11500,0.35
송명기,2021,NC,11000,1.48
홍성민,2021,NC,11000,1.07
최금강,2021,NC,10000,0.02
이용찬,2021,NC,10000,1.38
김영규,2021,NC,8300,0.67
김건태,2021,NC,8000,-0.09
이원재,2021,NC,6600,-0.44
김준완,2021,NC,6000,0.11
황재균,2021,KT,80000,2.93
알몬테,2021,KT,52500,0.01
유한준,2021,KT,50000,1.7
쿠에바스,2021,KT,50000,2.52
데스파이네,2021,KT,50000,5.24
박경수,2021,KT,40000,0.48
강백호,2021,KT,31000,7.26
호잉,2021,KT,30000,1.43
주권,2021,KT,25000,1.22
장성우,2021,KT,21000,2.56
이보근,2021,KT,20000,-0.41
배제성,2021,KT,17000,3.55
김재윤,2021,KT,17000,2.25
심우준,2021,KT,15500,3.54
소형준,2021,KT,14000,2.1
배정대,2021,KT,14000,3.07
조용호,2021,KT,13000,-0.62
고영표,2021,KT,12000,5.65
전유수,2021,KT,10500,0.02
신본기,2021,KT,9200,0.61
박승욱,2021,KT,8000,-0.2
유원상,2021,KT,8000,-0.03
허도환,2021,KT,7500,0.55
조현우,2021,KT,7500,1.05
김민수,2021,KT,7000,0.89
안영명,2021,KT,7000,0.66
이홍구,2021,KT,7000,-0.47
박시영,2021,KT,6800,1.05
김민혁,2021,KT,6500,1.35
김준태,2021,KT,6500,0.91
심재민,2021,KT,6300,1.13
문상철,2021,KT,6000,0.11
오윤석,2021,KT,6000,1.87
하준호,2021,KT,6000,-0.07
송민섭,2021,KT,5700,1.2
요키시,2021,키움,75000,5.58
이정후,2021,키움,55000,6.75
프레이타스,2021,키움,55000,-0.76
브리검,2021,키움,48000,1.67
크레익,2021,키움,37100,-0.21
조상우,2021,키움,33000,0.75
이지영,2021,키움,30000,1.18
김상수,2021,키움,30000,0.62
한현희,2021,키움,29000,1.93
최원태,2021,키움,29000,1.51
박동원,2021,키움,23000,3.14
오주원,2021,키움,20000,-0.33
정찬헌,2021,키움,20000,2.13
김혜성,2021,키움,17000,3.83
양현,2021,키움,12000,-0.13
박준태,2021,키움,11000,-0.11
김태훈,2021,키움,10000,1.06
이용규,2021,키움,10000,3.98
이승호,2021,키움,10000,-0.45
안우진,2021,키움,9000,2.73
허정협,2021,키움,7000,0.32
김재현,2021,키움,7000,-0.25
송성문,2021,키움,6000,1.83
전병우,2021,키움,6000,0.71
김성민,2021,키움,6000,0.47
김웅빈,2021,키움,5600,2.27
김선기,2021,키움,5300,-0.11
김재웅,2021,키움,5200,0.76
강민호,2020,삼성,125000,3.11
오승환,2020,삼성,120000,1.81
살라디노,2020,삼성,70000,1.05
우규민,2020,삼성,70000,0.17
뷰캐넌,2020,삼성,60000,5.71
라이블리,2020,삼성,50000,2.98
윤성환,2020,삼성,40000,0.04
박해민,2020,삼성,30000,5.48
이원석,2020,삼성,30000,0.14
구자욱,2020,삼성,28000,3.96
백정현,2020,삼성,28000,0.36
심창민,2020,삼성,28000,-0.18
김상수,2020,삼성,25000,3.06
장필준,2020,삼성,21500,0.25
김헌곤,2020,삼성,19000,-0.05
김동엽,2020,삼성,13500,1.85
강한울,2020,삼성,12000,0.65
김대우,2020,삼성,11500,0.91
임현준,2020,삼성,11000,0.55
팔카,2020,삼성,10000,-1.25
이승현,2020,삼성,10000,1.24
이학주,2020,삼성,9000,1.45
최영진,2020,삼성,8000,0.15
최지광,2020,삼성,8000,0.68
권오준,2020,삼성,8000,-0.29
원태인,2020,삼성,8000,2.44
최채흥,2020,삼성,7500,4.22
박계범,2020,삼성,5500,-0.79
김재현,2020,삼성,5500,-0.13
가뇽,2020,KIA,65000,4.68
나지완,2020,KIA,60000,2.01
터커,2020,KIA,55000,3.46
브룩스,2020,KIA,47900,7.93
김선빈,2020,KIA,45000,2.43
김주찬,2020,KIA,40000,-0.12
나주환,2020,KIA,12000,0.28
박준표,2020,KIA,11000,2.55
장현식,2020,KIA,11000,-1.06
박찬호,2020,KIA,10500,-0.77
류지혁,2020,KIA,10500,0.41
김태진,2020,KIA,9000,-1.32
김민식,2020,KIA,8800,0.91
김호령,2020,KIA,8500,0.32
이창진,2020,KIA,8500,0.27
한승택,2020,KIA,8000,1.1
전상현,2020,KIA,7600,1.72
장영석,2020,KIA,7500,-0.83
임기영,2020,KIA,7000,2.99
최원준,2020,KIA,7000,1.08
박진태,2020,KIA,6000,-0.28
유민상,2020,KIA,6000,-0.25
고영창,2020,KIA,5800,-0.31
김재호,2020,두산,65000,2.14
김재환,2020,두산,65000,3.58
플렉센,2020,두산,60000,3.94
허경민,2020,두산,48000,4.21
유희관,2020,두산,47000,1.38
오재일,2020,두산,47000,2.75
알칸타라,2020,두산,45000,8.98
박건우,2020,두산,45000,4.21
이용찬,2020,두산,42000,-0.13
페르난데스,2020,두산,40000,4.96
이현승,2020,두산,40000,0.56
정수빈,2020,두산,34000,3.35
오재원,2020,두산,30000,-0.14
장원준,2020,두산,30000,-0.18
최주환,2020,두산,27000,5.3
이영하,2020,두산,27000,2.39
박세혁,2020,두산,23200,2.07
함덕주,2020,두산,21000,0.95
윤명준,2020,두산,21000,0.41
권혁,2020,두산,19000,-0.05
김강률,2020,두산,15000,-0.37
이형범,2020,두산,14200,-0.58
박치국,2020,두산,8000,1.45
정상호,2020,두산,7000,-1.16
최원준,2020,두산,5900,3.46
홍건희,2020,두산,5300,0.37
김명신,2020,두산,5200,0.29
이재원,2020,SK,130000,0.11
최정,2020,SK,120000,5.33
로맥,2020,SK,90000,5.01
킹엄,2020,SK,50000,-0.24
핀토,2020,SK,45000,1.15
김강민,2020,SK,35000,1.87
정의윤,2020,SK,30000,-0.65
박종훈,2020,SK,29000,3.11
문승원,2020,SK,25700,4.23
한동민,2020,SK,25000,0.72
김태훈,2020,SK,24000,0.37
김성현,2020,SK,21000,1.85
서진용,2020,SK,20000,0.36
윤석민,2020,SK,18000,-0.65
고종욱,2020,SK,17000,-0.17
하재훈,2020,SK,15000,-0.35
이태양,2020,SK,14000,0.37
화이트,2020,SK,13000,0.07
김세현,2020,SK,12000,-0.32
박희수,2020,SK,12000,0.15
정영일,2020,SK,11000,-0.37
신재웅,2020,SK,11000,-0.01
박민호,2020,SK,10000,1.45
채태인,2020,SK,10000,0.65
오태곤,2020,SK,8300,0.61
윤희상,2020,SK,7500,0.09
이흥련,2020,SK,7500,-0.38
최항,2020,SK,7500,1.23
김현수,2020,LG,130000,4.97
윌슨,2020,LG,110000,2.74
차우찬,2020,LG,100000,0.7
켈리,2020,LG,90000,5.57
박용택,2020,LG,80000,0.67
오지환,2020,LG,60000,7.41
김민성,2020,LG,40000,0.54
정근우,2020,LG,35000,-0.81
채은성,2020,LG,32000,1.99
라모스,2020,LG,30000,4.81
이천웅,2020,LG,28000,0.08
송은범,2020,LG,27000,0.21
진해수,2020,LG,25000,1.07
유강남,2020,LG,23000,1.37
고우석,2020,LG,22000,0.4
양석환,2020,LG,21000,0.33
이형종,2020,LG,20000,2.98
임찬규,2020,LG,13500,2.83
정찬헌,2020,LG,13000,3.07
정주현,2020,LG,12500,0.6
김대현,2020,LG,12000,-0.08
김지용,2020,LG,11000,-0.06
김용의,2020,LG,10500,0.47
이성우,2020,LG,8000,-0.17
정우영,2020,LG,8000,2.03
문광은,2020,LG,7500,-0.04
이우찬,2020,LG,7500,0.02
최동환,2020,LG,7000,0.95
여건욱,2020,LG,7000,-0.33
최재원,2020,LG,6000,-0.08
민병헌,2020,롯데,125000,-1.35
스트레일리,2020,롯데,50000,8.18
전준우,2020,롯데,50000,3.27
샘슨,2020,롯데,50000,1.69
마차도,2020,롯데,30000,4.53
안치홍,2020,롯데,29000,0.71
노경은,2020,롯데,20000,2.74
신본기,2020,롯데,12500,0.13
진명호,2020,롯데,12500,0.08
박세웅,2020,롯데,11000,2.74
김원중,2020,롯데,10000,0.98
고효준,2020,롯데,10000,0.06
박진형,2020,롯데,9000,0.15
구승민,2020,롯데,8000,1.22
박시영,2020,롯데,7900,-0.31
정훈,2020,롯데,6400,2.29
김유영,2020,롯데,6200,0.17
오현택,2020,롯데,6000,0.76
지성준,2020,롯데,5700,0.16
김건국,2020,롯데,5400,0.65
강로한,2020,롯데,5300,0.01
강동호,2020,롯데,5100,-0.17
서폴드,2020,한화,90000,2.19
정우람,2020,한화,80000,0.86
채드벨,2020,한화,60000,0.66
호잉,2020,한화,55000,-0.2
이성열,2020,한화,50000,-1.11
김태균,2020,한화,50000,-0.74
이용규,2020,한화,40000,0.72
안영명,2020,한화,35000,-0.06
송광민,2020,한화,25000,-0.68
노수광,2020,한화,21000,0.67
최재훈,2020,한화,20000,3.52
윤규진,2020,한화,17000,-0.07
최진행,2020,한화,16000,-0.57
하주석,2020,한화,14000,0.43
정은원,2020,한화,12000,1.07
신정락,2020,한화,12000,0.01
정진호,2020,한화,11300,2.12
박상원,2020,한화,11000,0.12
장민재,2020,한화,11000,0.08
장시환,2020,한화,11000,2.05
오선진,2020,한화,10500,0.13
임준섭,2020,한화,8800,-0.3
강경학,2020,한화,7800,1.55
양성우,2020,한화,7000,-0.13
김회성,2020,한화,6500,-0.04
김범수,2020,한화,6500,0.63
장진혁,2020,한화,5800,-0.56
이해창,2020,한화,5500,0.1
루친스키,2020,NC,100000,6.87
알테어,2020,NC,80000,3.22
라이트,2020,NC,80000,3.37
박석민,2020,NC,70000,3.1
박민우,2020,NC,52000,5.99
나성범,2020,NC,50000,5.21
모창민,2020,NC,30000,0.4
이재학,2020,NC,27500,0.49
원종현,2020,NC,26000,0.31
이명기,2020,NC,24000,2.58
김태군,2020,NC,20000,1.25
구창모,2020,NC,18000,4.89
임창민,2020,NC,16000,-0.26
김진성,2020,NC,16000,1.08
박진우,2020,NC,16000,-0.17
강윤구,2020,NC,15500,0.09
노진혁,2020,NC,14000,4.59
권희동,2020,NC,13500,2.75
지석훈,2020,NC,12500,0.72
김성욱,2020,NC,12000,0.63
문경찬,2020,NC,11500,0.4
배재환,2020,NC,10500,0.14
홍성민,2020,NC,10000,1.2
이상호,2020,NC,10000,-0.63
최성영,2020,NC,9500,0.39
임정호,2020,NC,9200,1.4
김건태,2020,NC,9000,0.62
이원재,2020,NC,7100,0.29
김영규,2020,NC,6300,0.24
김찬형,2020,NC,5800,-0.25
황재균,2020,KT,120000,5.7
로하스,2020,KT,80000,9.4
쿠에바스,2020,KT,60000,3.49
유한준,2020,KT,50000,1.09
데스파이네,2020,KT,45000,4.12
박경수,2020,KT,40000,2.9
강백호,2020,KT,21000,5.81
이보근,2020,KT,20000,0.97
주권,2020,KT,15000,1.91
금민철,2020,KT,15000,-0.06
장성우,2020,KT,13500,3.65
심우준,2020,KT,13000,0.57
김재윤,2020,KT,12000,1.47
배제성,2020,KT,11000,3.43
이대은,2020,KT,10000,-0.05
전유수,2020,KT,10000,0.55
이홍구,2020,KT,9000,-0.42
김민혁,2020,KT,9000,-0.03
박승욱,2020,KT,8000,-0.3
김민,2020,KT,7500,-0.35
조용호,2020,KT,7000,2.68
김민수,2020,KT,6500,-0.22
허도환,2020,KT,6500,-0.24
브리검,2020,키움,80000,3.16
김하성,2020,키움,55000,8.1
요키시,2020,키움,55000,6.08
러셀,2020,키움,54000,0.56
이정후,2020,키움,39000,7.24
최원태,2020,키움,37000,1.49
서건창,2020,키움,35000,3.4
이지영,2020,키움,30000,1.28
김상수,2020,키움,30000,0.17
한현희,2020,키움,29000,2.33
박동원,2020,키움,22500,2.03
조상우,2020,키움,20000,2.29
오주원,2020,키움,20000,-0.12
모터,2020,키움,20000,-0.51
신재영,2020,키움,14000,-0.12
김혜성,2020,키움,10000,3.41
김성민,2020,키움,9700,-0.21
양현,2020,키움,9000,0.72
임병욱,2020,키움,8800,0.17
이승호,2020,키움,8500,2.1
김태훈,2020,키움,8000,0.23
김재현,2020,키움,7000,-0.1
이영준,2020,키움,5500,0.93
김규민,2020,키움,5400,-0.4
강민호,2019,삼성,125000,2.32
맥과이어,2019,삼성,95000,1.56
헤일리,2019,삼성,90000,0.64
우규민,2019,삼성,70000,1.73
윤성환,2019,삼성,40000,2.15
박해민,2019,삼성,36000,3.92
구자욱,2019,삼성,30000,3.25
이원석,2019,삼성,30000,1.19
박한이,2019,삼성,25000,0.11
김상수,2019,삼성,25000,2.79
라이블리,2019,삼성,22500,1.45
윌리엄슨,2019,삼성,22500,-0.23
백정현,2019,삼성,21000,2.99
김동엽,2019,삼성,18500,-0.39
장필준,2019,삼성,17000,0.81
김헌곤,2019,삼성,15500,1.68
손주인,2019,삼성,15000,-0.72
권오준,2019,삼성,15000,0.11
최충연,2019,삼성,13500,-0.63
김대우,2019,삼성,12000,0.11
김성훈,2019,삼성,7000,0.07
이승현,2019,삼성,7000,1.04
정인욱,2019,삼성,6700,0.07
박찬도,2019,삼성,5500,-0.21
임현준,2019,삼성,5500,0.93
김승현,2019,삼성,5500,-0.13
최영진,2019,삼성,5300,-0.07
터너,2019,KIA,70000,0.73
윌랜드,2019,KIA,70000,3.02
이범호,2019,KIA,65000,0.02
나지완,2019,KIA,60000,-0.31
해즐베이커,2019,KIA,50000,0.05
안치홍,2019,KIA,50000,2.01
김주찬,2019,KIA,40000,0.32
김선빈,2019,KIA,30000,3.57
김세현,2019,KIA,29000,-0.27
김윤동,2019,KIA,18000,0.09
터커,2019,KIA,18000,1.95
김민식,2019,KIA,14000,-0.72
임기영,2019,KIA,10000,0.34
임기준,2019,KIA,10000,0.84
최원준,2019,KIA,10000,-1.45
박준태,2019,KIA,7000,-0.47
문선재,2019,KIA,6500,-0.17
박준표,2019,KIA,6500,2.13
박진태,2019,KIA,6000,0.22
유승철,2019,KIA,6000,-0.09
한승택,2019,KIA,6000,0.59
홍건희,2019,KIA,5800,0.09
황인준,2019,KIA,5700,0.11
유재신,2019,KIA,5700,-0.17
문경찬,2019,KIA,5500,2.46
후랭코프,2019,두산,110000,2.44
김재환,2019,두산,73000,3.49
김재호,2019,두산,65000,4.53
장원준,2019,두산,60000,0.01
오재원,2019,두산,55000,-0.91
이현승,2019,두산,40000,0.19
이용찬,2019,두산,39000,1.72
허경민,2019,두산,38500,3.03
최주환,2019,두산,38500,0.79
박건우,2019,두산,38500,5.13
유희관,2019,두산,35000,3.55
오재일,2019,두산,30000,5.14
페르난데스,2019,두산,30000,5.73
함덕주,2019,두산,26000,0.3
정수빈,2019,두산,24500,3.79
권혁,2019,두산,20000,0.25
윤명준,2019,두산,14500,0.74
류지혁,2019,두산,12500,1.78
정진호,2019,두산,11300,-0.32
김승회,2019,두산,10000,0.24
배영수,2019,두산,10000,-0.26
박세혁,2019,두산,10000,6.03
이영하,2019,두산,10000,3.57
박치국,2019,두산,9500,-0.61
이흥련,2019,두산,7500,0.6
이형범,2019,두산,5500,0.6
최정,2019,SK,120000,6.14
로맥,2019,SK,105000,3.35
산체스,2019,SK,95000,6.64
김강민,2019,SK,40000,2.13
박정권,2019,SK,40000,-0.15
이재원,2019,SK,35000,0.74
한동민,2019,SK,33000,1.76
박종훈,2019,SK,32000,3.51
나주환,2019,SK,32000,0.92
정의윤,2019,SK,30000,1.51
노수광,2019,SK,26500,2.01
김태훈,2019,SK,18000,1.37
채병용,2019,SK,18000,-0.08
소사,2019,SK,17000,2.63
박희수,2019,SK,15500,0.88
박정배,2019,SK,14000,-0.26
배영섭,2019,SK,13000,-0.12
고종욱,2019,SK,11000,3.07
신재웅,2019,SK,11000,0.53
강승호,2019,SK,9600,0.28
서진용,2019,SK,9000,2.39
문승원,2019,SK,9000,4.16
정진기,2019,SK,8200,-0.22
이승진,2019,SK,6700,-0.31
김주한,2019,SK,6000,0.06
허도환,2019,SK,6000,-0.8
김재현,2019,SK,5600,0.4
정현,2019,SK,5300,-0.31
김현수,2019,LG,130000,3.1
차우찬,2019,LG,100000,1.84
윌슨,2019,LG,90000,3.7
박용택,2019,LG,80000,0.66
조셉,2019,LG,70000,1.79
켈리,2019,LG,60000,4.03
정상호,2019,LG,50000,-0.58
오지환,2019,LG,40000,7.73
김민성,2019,LG,40000,1.84
채은성,2019,LG,31000,3.68
송은범,2019,LG,25000,-0.51
유강남,2019,LG,21000,3.68
진해수,2019,LG,18000,0.51
임찬규,2019,LG,17500,0.14
정찬헌,2019,LG,17000,-0.08
이형종,2019,LG,17000,4.11
이천웅,2019,LG,15000,1.61
페게로,2019,LG,15000,1.41
이동현,2019,LG,10000,0.2
류제국,2019,LG,10000,0.77
김용의,2019,LG,8500,0.72
정주현,2019,LG,8000,1.18
최동환,2019,LG,7800,-0.19
이성우,2019,LG,7000,0.26
김대현,2019,LG,6400,0.96
고우석,2019,LG,6200,3.34
문광은,2019,LG,6000,0.21
윤진호,2019,LG,6000,-0.33
여건욱,2019,LG,5300,0.09
서상우,2019,LG,5300,0.04
민병헌,2019,롯데,125000,2.52
레일리,2019,롯데,117000,5.16
톰슨,2019,롯데,76000,1.17
손승락,2019,롯데,70000,0.88
다익손,2019,롯데,60000,3.19
아수아헤,2019,롯데,55100,1.35
전준우,2019,롯데,50000,2.87
윤길현,2019,롯데,50000,-0.29
윌슨,2019,롯데,40000,0.82
송승준,2019,롯데,40000,0.07
채태인,2019,롯데,20000,0.05
문규현,2019,롯데,18000,0.1
신본기,2019,롯데,16000,0.9
오현택,2019,롯데,15000,-0.12
홍성민,2019,롯데,13000,0.05
박세웅,2019,롯데,11000,1.2
김원중,2019,롯데,10000,0.63
이병규,2019,롯데,9500,-0.16
구승민,2019,롯데,9500,-0.58
고효준,2019,롯데,9000,0.66
장시환,2019,롯데,8500,2.27
정훈,2019,롯데,8000,-0.2
김문호,2019,롯데,8000,-0.31
진명호,2019,롯데,7300,2.0
박진형,2019,롯데,7000,0.5
나경민,2019,롯데,5500,0.17
안중열,2019,롯데,5100,-0.49
김태균,2019,한화,100000,1.88
정우람,2019,한화,80000,2.84
호잉,2019,한화,80000,5.11
서폴드,2019,한화,70000,4.98
정근우,2019,한화,70000,-0.1
채드벨,2019,한화,40000,5.06
안영명,2019,한화,35000,0.43
이성열,2019,한화,32000,1.3
송광민,2019,한화,25000,0.67
윤규진,2019,한화,20000,-0.05
최진행,2019,한화,20000,0.36
송창식,2019,한화,20000,-0.03
하주석,2019,한화,18000,0.15
이태양,2019,한화,15000,-0.44
최재훈,2019,한화,12500,4.96
신정락,2019,한화,12000,-0.3
장민재,2019,한화,9000,1.21
박상원,2019,한화,9000,0.17
임준섭,2019,한화,8800,0.31
강경학,2019,한화,8800,0.21
양성우,2019,한화,8500,-0.74
오선진,2019,한화,7500,0.37
김재영,2019,한화,7100,-0.28
김회성,2019,한화,6500,0.2
백진우,2019,한화,6000,-0.31
김범수,2019,한화,5800,0.47
지성준,2019,한화,5700,0.68
정은원,2019,한화,5500,2.2
서균,2019,한화,5500,-0.09
김종민,2019,한화,5300,0.01
버틀러,2019,NC,80000,0.77
박석민,2019,NC,75000,3.06
루친스키,2019,NC,60000,5.55
나성범,2019,NC,55000,1.75
손시헌,2019,NC,50000,0.98
베탄코트,2019,NC,50000,-0.59
박민우,2019,NC,38000,5.83
모창민,2019,NC,30000,1.32
임창민,2019,NC,25000,0.17
스몰린스키,2019,NC,25000,0.59
이재학,2019,NC,24500,2.75
김진성,2019,NC,23000,-0.14
김태군,2019,NC,23000,0.37
이명기,2019,NC,22000,3.02
원종현,2019,NC,20000,0.13
이민호,2019,NC,18800,-0.1
지석훈,2019,NC,15000,0.49
프리드릭,2019,NC,15000,2.75
권희동,2019,NC,14000,1.99
김성욱,2019,NC,13000,1.21
구창모,2019,NC,12500,3.3
노진혁,2019,NC,10000,4.07
임정호,2019,NC,9200,0.23
강윤구,2019,NC,8500,0.88
장현식,2019,NC,8200,-0.26
이상호,2019,NC,8000,-0.61
김준완,2019,NC,8000,-0.17
정범모,2019,NC,6800,0.18
유원상,2019,NC,6000,-0.2
최성영,2019,NC,5800,2.07
윤지웅,2019,NC,5800,-0.09
김건태,2019,NC,5700,0.84
황재균,2019,KT,120000,6.16
로하스,2019,KT,100000,6.47
유한준,2019,KT,60000,3.03
알칸타라,2019,KT,45000,2.98
박경수,2019,KT,40000,3.74
쿠에바스,2019,KT,37000,3.3
윤석민,2019,KT,24000,-0.64
이대형,2019,KT,20000,0.17
금민철,2019,KT,15000,0.07
강백호,2019,KT,12000,4.62
김재윤,2019,KT,10000,1.56
장성우,2019,KT,9500,1.82
심우준,2019,KT,8500,4.07
오태곤,2019,KT,8300,1.17
엄상백,2019,KT,8000,-0.58
박승욱,2019,KT,6600,0.59
주권,2019,KT,6300,1.59
이해창,2019,KT,6100,-0.39
전유수,2019,KT,6000,0.15
브리검,2019,키움,90000,4.72
샌즈,2019,키움,50000,4.86
요키시,2019,키움,50000,5.12
서건창,2019,키움,35000,2.53
한현희,2019,키움,32000,1.1
김하성,2019,키움,32000,7.08
최원태,2019,키움,27000,4.23
이정후,2019,키움,23000,4.53
이지영,2019,키움,21000,0.73
김상수,2019,키움,20000,1.43
이보근,2019,키움,20000,-0.33
오주원,2019,키움,15000,2.01
신재영,2019,키움,14000,0.6
임병욱,2019,키움,10000,-0.06
박동원,2019,키움,9000,3.56
송성문,2019,키움,7500,-0.01
김혜성,2019,키움,7000,3.06
장영석,2019,키움,6000,-0.46
양현,2019,키움,6000,1.45
윤영삼,2019,키움,6000,1.17
조상우,2019,키움,6000,1.28
김성민,2019,키움,5800,1.04
김규민,2019,키움,5800,0.69
김동준,2019,키움,5600,0.45
러프,2018,삼성,140000,4.77
강민호,2018,삼성,125000,2.29
아델만,2018,삼성,95000,4.34
윤성환,2018,삼성,80000,1.01
우규민,2018,삼성,70000,1.7
보니야,2018,삼성,70000,3.83
조동찬,2018,삼성,40000,-0.05
이원석,2018,삼성,30000,2.39
박해민,2018,삼성,29000,3.44
구자욱,2018,삼성,25000,3.31
박한이,2018,삼성,25000,0.46
심창민,2018,삼성,23000,1.76
이지영,2018,삼성,21000,1.97
장원삼,2018,삼성,20000,0.61
손주인,2018,삼성,18000,-0.95
강한울,2018,삼성,15500,-0.01
백정현,2018,삼성,15500,3.5
권오준,2018,삼성,15000,0.7
장필준,2018,삼성,14000,1.91
배영섭,2018,삼성,13000,-0.44
김대우,2018,삼성,12000,0.1
백상원,2018,삼성,9000,0.2
김헌곤,2018,삼성,8500,0.74
박근홍,2018,삼성,8000,-0.08
이승현,2018,삼성,7000,-0.15
한기주,2018,삼성,6000,0.1
정인욱,2018,삼성,5700,0.42
윤석민,2018,KIA,125000,-0.05
버나디나,2018,KIA,75000,2.48
팻딘,2018,KIA,70000,1.53
이범호,2018,KIA,65000,1.56
나지완,2018,KIA,60000,2.65
임창용,2018,KIA,50000,1.27
김주찬,2018,KIA,40000,1.85
안치홍,2018,KIA,32000,5.01
김세현,2018,KIA,29000,-0.06
김선빈,2018,KIA,28000,1.85
이명기,2018,KIA,25000,2.83
서동욱,2018,KIA,18500,0.19
김민식,2018,KIA,15000,1.97
김윤동,2018,KIA,15000,1.95
임기영,2018,KIA,13000,1.21
심동섭,2018,KIA,13000,-0.05
정성훈,2018,KIA,10000,0.64
홍건희,2018,KIA,8000,-0.23
최원준,2018,KIA,7500,0.18
김주형,2018,KIA,7500,-0.16
정용운,2018,KIA,7500,0.14
한승택,2018,KIA,7500,0.79
박준표,2018,KIA,6500,0.15
한승혁,2018,KIA,6500,1.39
유재신,2018,KIA,6500,0.63
임기준,2018,KIA,6000,1.19
최정민,2018,KIA,5500,-0.18
백용환,2018,KIA,5300,0.21
린드블럼,2018,두산,135000,5.99
장원준,2018,두산,100000,-1.39
후랭코프,2018,두산,70000,3.99
파레디스,2018,두산,70000,-0.77
김재호,2018,두산,65000,4.26
양의지,2018,두산,60000,7.93
오재원,2018,두산,55000,4.51
유희관,2018,두산,50000,-0.18
김재환,2018,두산,47000,6.84
이현승,2018,두산,40000,0.11
박건우,2018,두산,37000,3.25
오재일,2018,두산,30000,4.74
반슬라이크,2018,두산,30000,-0.47
정수빈,2018,두산,28000,1.82
허경민,2018,두산,26500,4.23
이용찬,2018,두산,23500,4.09
최주환,2018,두산,20000,7.07
함덕주,2018,두산,16000,1.9
김강률,2018,두산,15000,0.8
박세혁,2018,두산,10000,1.77
김승회,2018,두산,10000,0.51
류지혁,2018,두산,9500,3.09
홍상삼,2018,두산,9000,0.11
허준혁,2018,두산,8500,-0.1
정진호,2018,두산,8500,0.48
이흥련,2018,두산,7500,-0.29
변진수,2018,두산,6000,-0.19
신성현,2018,두산,5700,-0.33
이현호,2018,두산,5200,0.12
켈리,2018,SK,140000,5.23
김광현,2018,SK,140000,6.22
최정,2018,SK,120000,3.73
산체스,2018,SK,85000,3.18
김강민,2018,SK,60000,1.19
로맥,2018,SK,50000,5.94
박정권,2018,SK,40000,0.02
이재원,2018,SK,35000,1.56
나주환,2018,SK,30000,1.26
정의윤,2018,SK,30000,0.02
채병용,2018,SK,30000,0.33
김성현,2018,SK,25000,0.29
박종훈,2018,SK,20000,5.09
박희수,2018,SK,18500,0.85
한동민,2018,SK,15000,4.17
박정배,2018,SK,14000,-0.05
윤희상,2018,SK,13000,0.87
노수광,2018,SK,13000,3.0
김동엽,2018,SK,11500,0.84
신재웅,2018,SK,11000,1.68
문승원,2018,SK,9000,3.61
이성우,2018,SK,9000,-0.32
김주한,2018,SK,9000,-0.19
전유수,2018,SK,8500,0.22
이대수,2018,SK,7000,0.1
허도환,2018,SK,6800,0.04
강승호,2018,SK,6600,-0.13
정진기,2018,SK,6200,-0.41
조용호,2018,SK,6200,-0.3
서진용,2018,SK,6000,0.3
최승준,2018,SK,5600,-0.02
김재현,2018,SK,5100,0.73
김현수,2018,LG,140000,5.17
소사,2018,LG,120000,6.02
차우찬,2018,LG,100000,1.67
박용택,2018,LG,80000,1.71
가르시아,2018,LG,80000,1.27
윌슨,2018,LG,80000,6.89
이동현,2018,LG,60000,-0.43
정상호,2018,LG,50000,0.78
오지환,2018,LG,29000,4.97
진해수,2018,LG,19000,-0.18
유강남,2018,LG,18500,4.15
양석환,2018,LG,16000,1.47
임정우,2018,LG,14000,0.05
임찬규,2018,LG,11500,1.41
채은성,2018,LG,11000,2.67
신정락,2018,LG,10500,0.3
이형종,2018,LG,10500,3.09
정찬헌,2018,LG,9500,-0.33
김지용,2018,LG,9000,-0.35
김용의,2018,LG,9000,-0.07
안익훈,2018,LG,9000,-1.25
이천웅,2018,LG,8000,1.6
임훈,2018,LG,7000,-0.26
김대현,2018,LG,7000,-0.15
문선재,2018,LG,7000,-0.51
김재율,2018,LG,6800,-0.21
최동환,2018,LG,6500,0.53
최성훈,2018,LG,6000,0.25
문광은,2018,LG,6000,-0.26
윤지웅,2018,LG,5800,-0.05
레일리,2018,롯데,111000,3.96
민병헌,2018,롯데,100000,4.16
듀브론트,2018,롯데,90000,2.92
번즈,2018,롯데,73000,2.79
손승락,2018,롯데,70000,2.27
윤길현,2018,롯데,50000,0.62
송승준,2018,롯데,40000,0.75
전준우,2018,롯데,27000,5.48
박세웅,2018,롯데,25000,-0.33
채태인,2018,롯데,20000,0.14
문규현,2018,롯데,18000,0.52
김문호,2018,롯데,15000,0.42
배장호,2018,롯데,13000,0.06
홍성민,2018,롯데,13000,-0.02
이명우,2018,롯데,10500,0.27
박진형,2018,롯데,10500,-0.21
노경은,2018,롯데,10000,3.95
정훈,2018,롯데,10000,0.89
이병규,2018,롯데,9000,1.71
신본기,2018,롯데,9000,1.44
장시환,2018,롯데,8500,0.18
박헌도,2018,롯데,7200,-0.26
김원중,2018,롯데,6300,1.11
박시영,2018,롯데,6300,-0.26
김동한,2018,롯데,6300,-0.5
황진수,2018,롯데,6200,-0.39
조정훈,2018,롯데,6100,-0.11
오현택,2018,롯데,6000,1.17
나경민,2018,롯데,5800,0.46
조무근,2018,롯데,5700,-0.01
김태균,2018,한화,140000,0.6
정우람,2018,한화,120000,1.31
정근우,2018,한화,70000,1.0
헤일,2018,한화,50000,1.63
배영수,2018,한화,50000,0.3
휠러,2018,한화,47500,1.68
권혁,2018,한화,45000,0.06
송은범,2018,한화,45000,2.04
이용규,2018,한화,40000,2.15
샘슨,2018,한화,40000,3.04
호잉,2018,한화,40000,5.69
안영명,2018,한화,35000,0.43
이성열,2018,한화,25000,2.69
송광민,2018,한화,24000,2.18
송창식,2018,한화,24000,0.08
윤규진,2018,한화,21000,0.65
심수창,2018,한화,20000,-0.31
최진행,2018,한화,19000,0.35
하주석,2018,한화,12000,0.96
양성우,2018,한화,10000,0.35
오선진,2018,한화,8600,-0.73
임준섭,2018,한화,8500,0.13
최재훈,2018,한화,8000,1.91
이태양,2018,한화,7300,1.88
장민재,2018,한화,7100,0.71
강경학,2018,한화,5800,2.28
김회성,2018,한화,5800,0.61
이동걸,2018,한화,5400,-0.05
김재영,2018,한화,5300,1.64
박석민,2018,NC,75000,1.11
스크럭스,2018,NC,70000,1.45
손시헌,2018,NC,50000,-0.07
왕웨이중,2018,NC,50000,3.0
나성범,2018,NC,43000,5.18
박민우,2018,NC,32000,3.17
임창민,2018,NC,25000,-0.19
김진성,2018,NC,23000,-0.39
이종욱,2018,NC,20000,-0.13
이재학,2018,NC,19000,3.46
이민호,2018,NC,18800,-0.28
원종현,2018,NC,18500,0.27
모창민,2018,NC,18500,0.83
지석훈,2018,NC,15000,-0.66
권희동,2018,NC,13000,1.66
최금강,2018,NC,12500,-0.21
김성욱,2018,NC,10500,1.71
장현식,2018,NC,10200,-0.23
베렛,2018,NC,10000,2.83
구창모,2018,NC,9000,2.07
강윤구,2018,NC,8500,-0.07
이상호,2018,NC,7500,-1.03
유원상,2018,NC,6000,-0.29
최준석,2018,NC,5500,0.15
정범모,2018,NC,5500,0.17
김종민,2018,NC,5300,0.05
황재균,2018,KT,120000,3.59
피어밴드,2018,KT,85000,4.22
로하스,2018,KT,80000,6.85
유한준,2018,KT,60000,2.66
니퍼트,2018,KT,50000,5.29
이진영,2018,KT,40000,0.87
윤석민,2018,KT,31000,-0.47
박경수,2018,KT,23000,2.48
이대형,2018,KT,20000,-0.02
김사율,2018,KT,15000,0.41
박기혁,2018,KT,15000,-0.7
고영표,2018,KT,11500,2.7
김재윤,2018,KT,11000,0.92
이상화,2018,KT,10000,0.12
오태곤,2018,KT,8300,0.68
금민철,2018,KT,8000,2.69
심재민,2018,KT,8000,0.5
정현,2018,KT,7800,-0.14
엄상백,2018,KT,7600,0.26
주권,2018,KT,7600,-0.48
장성우,2018,KT,7300,0.3
이해창,2018,KT,7100,0.59
오정복,2018,KT,7000,-0.26
홍성용,2018,KT,6800,0.41
심우준,2018,KT,6300,1.56
하준호,2018,KT,5700,0.12
전민수,2018,KT,5100,0.13
로저스,2018,넥센,125000,2.25
브리검,2018,넥센,65000,6.31
초이스,2018,넥센,60000,1.69
이택근,2018,넥센,50000,1.03
서건창,2018,넥센,38000,0.61
김민성,2018,넥센,35000,2.41
김하성,2018,넥센,32000,5.13
한현희,2018,넥센,23000,3.16
해커,2018,넥센,20000,1.3
박동원,2018,넥센,18000,0.48
김상수,2018,넥센,16500,0.28
최원태,2018,넥센,15000,4.15
오주원,2018,넥센,15000,0.25
신재영,2018,넥센,14000,0.4
이보근,2018,넥센,14000,0.62
조상우,2018,넥센,12000,-0.18
고종욱,2018,넥센,11000,-0.22
이정후,2018,넥센,11000,4.54
샌즈,2018,넥센,9000,1.43
문성현,2018,넥센,8800,0.04
김지수,2018,넥센,6200,-0.27
장영석,2018,넥센,6000,0.01
김태완,2018,넥센,6000,-0.4
박정음,2018,넥센,5500,-0.2
하영민,2018,넥센,5500,-0.19
김성민,2018,넥센,5500,-0.01
러프,2017,삼성,110000,4.37
레나도,2017,삼성,105000,0.04
이승엽,2017,삼성,100000,2.02
윤성환,2017,삼성,80000,5.84
장원삼,2017,삼성,75000,0.73
우규민,2017,삼성,70000,1.63
박한이,2017,삼성,45000,-0.19
페트릭,2017,삼성,45000,1.86
조동찬,2017,삼성,40000,0.62
김상수,2017,삼성,31000,0.01
이원석,2017,삼성,30000,0.66
이지영,2017,삼성,26000,-2.54
박해민,2017,삼성,23000,3.8
심창민,2017,삼성,21000,1.89
구자욱,2017,삼성,16000,5.26
김대우,2017,삼성,15000,-0.66
배영섭,2017,삼성,15000,-0.25
권오준,2017,삼성,10500,0.67
백정현,2017,삼성,10000,3.28
박근홍,2017,삼성,10000,-0.1
최경철,2017,삼성,10000,0.04
강한울,2017,삼성,9000,1.48
백상원,2017,삼성,9000,-0.69
정인욱,2017,삼성,7200,0.15
이영욱,2017,삼성,6500,-0.07
장필준,2017,삼성,6500,1.27
이승현,2017,삼성,6200,0.09
우동균,2017,삼성,5500,-0.2
김현우,2017,삼성,5500,-0.09
버나디나,2017,KIA,75000,4.17
팻딘,2017,KIA,70000,4.94
이범호,2017,KIA,65000,0.92
김주찬,2017,KIA,60000,2.41
나지완,2017,KIA,60000,3.44
임창용,2017,KIA,50000,1.04
안치홍,2017,KIA,22000,4.17
김세현,2017,KIA,16000,0.04
서동욱,2017,KIA,15000,1.1
이명기,2017,KIA,15000,3.59
최영필,2017,KIA,14000,-0.04
김진우,2017,KIA,12000,-0.19
심동섭,2017,KIA,11000,0.51
김광수,2017,KIA,11000,-0.41
김주형,2017,KIA,11000,-0.9
신종길,2017,KIA,9800,-0.12
김호령,2017,KIA,9500,1.42
홍건희,2017,KIA,9000,-0.06
고효준,2017,KIA,8000,0.93
김선빈,2017,KIA,8000,5.22
손영민,2017,KIA,8000,-0.46
한승혁,2017,KIA,7500,-0.45
유재신,2017,KIA,6500,-0.26
김민식,2017,KIA,6000,-0.39
최정민,2017,KIA,5500,0.02
백용환,2017,KIA,5500,-0.2
보우덴,2017,두산,110000,1.53
장원준,2017,두산,100000,5.68
에반스,2017,두산,68000,3.35
김재호,2017,두산,65000,3.66
민병헌,2017,두산,55000,1.69
오재원,2017,두산,55000,0.27
유희관,2017,두산,50000,3.41
양의지,2017,두산,48000,4.47
이현승,2017,두산,40000,0.37
허경민,2017,두산,30000,0.26
김재환,2017,두산,20000,7.71
오재일,2017,두산,19800,4.7
박건우,2017,두산,19500,6.06
이용찬,2017,두산,18000,0.69
김성배,2017,두산,15000,-0.04
홍상삼,2017,두산,12500,-0.16
최주환,2017,두산,10000,1.75
김승회,2017,두산,10000,0.41
함덕주,2017,두산,7000,3.41
고원준,2017,두산,6800,-0.11
김강률,2017,두산,6200,1.52
박세혁,2017,두산,6000,2.2
이현호,2017,두산,6000,-0.37
신성현,2017,두산,5700,-0.57
류지혁,2017,두산,5700,1.54
최정,2017,SK,120000,7.1
켈리,2017,SK,85000,5.54
워스,2017,SK,70000,-0.16
다이아몬드,2017,SK,60000,3.43
김강민,2017,SK,60000,0.43
박정권,2017,SK,40000,1.21
이대수,2017,SK,35000,0.95
이재원,2017,SK,35000,-0.41
로맥,2017,SK,30000,1.89
정의윤,2017,SK,30000,1.53
김성현,2017,SK,28000,2.19
채병용,2017,SK,25000,-0.44
박희수,2017,SK,21000,-0.45
윤희상,2017,SK,15000,1.17
나주환,2017,SK,15000,1.4
신재웅,2017,SK,12000,0.77
전유수,2017,SK,11000,-0.2
임준혁,2017,SK,10000,0.23
이홍구,2017,SK,10000,0.22
박종훈,2017,SK,10000,4.01
박정배,2017,SK,8000,1.13
김재현,2017,SK,7000,-0.09
한동민,2017,SK,7000,3.53
노수광,2017,SK,6800,1.8
최승준,2017,SK,6200,-0.07
이성우,2017,SK,6000,-0.26
김주한,2017,SK,5700,0.07
허프,2017,LG,100000,5.02
차우찬,2017,LG,100000,4.97
박용택,2017,LG,80000,4.49
히메네스,2017,LG,70000,1.5
이동현,2017,LG,60000,0.08
소사,2017,LG,50000,4.99
정상호,2017,LG,50000,0.77
류제국,2017,LG,35000,1.24
오지환,2017,LG,35000,1.96
정성훈,2017,LG,30000,1.6
로니,2017,LG,25000,0.06
임정우,2017,LG,22000,0.48
손주인,2017,LG,20000,1.6
채은성,2017,LG,16000,0.25
김용의,2017,LG,12000,0.02
이병규,2017,LG,12000,0.05
진해수,2017,LG,11000,0.77
신승현,2017,LG,10000,0.1
유강남,2017,LG,10000,3.28
김지용,2017,LG,10000,-0.19
임훈,2017,LG,10000,-0.19
윤지웅,2017,LG,9500,0.37
이천웅,2017,LG,9300,0.87
양석환,2017,LG,9000,2.44
신정락,2017,LG,7500,-0.41
임찬규,2017,LG,6500,2.46
최재원,2017,LG,6500,-0.55
정주현,2017,LG,6000,-0.39
이형종,2017,LG,6000,1.75
최동환,2017,LG,6000,-0.26
유원상,2017,LG,6000,-0.04
서상우,2017,LG,5500,0.07
강민호,2017,롯데,100000,3.89
레일리,2017,롯데,85000,5.61
손승락,2017,롯데,70000,2.2
손아섭,2017,롯데,65000,6.25
번즈,2017,롯데,60000,4.18
윤길현,2017,롯데,50000,-0.1
애디튼,2017,롯데,50000,0.35
린드블럼,2017,롯데,47500,2.55
최준석,2017,롯데,40000,-0.1
송승준,2017,롯데,40000,3.08
강영식,2017,롯데,30000,0.01
전준우,2017,롯데,20500,3.44
노경은,2017,롯데,16000,-0.41
이정민,2017,롯데,15000,0.06
정훈,2017,롯데,15000,0.29
김문호,2017,롯데,14000,1.73
문규현,2017,롯데,12000,0.35
이명우,2017,롯데,11000,-0.01
박세웅,2017,롯데,10000,5.49
조정훈,2017,롯데,7000,0.48
장시환,2017,롯데,6500,0.75
이우민,2017,롯데,6000,0.41
김상호,2017,롯데,6000,-0.33
박진형,2017,롯데,6000,1.5
박헌도,2017,롯데,5600,0.31
신본기,2017,롯데,5500,0.9
배장호,2017,롯데,5400,0.56
오간도,2017,한화,130000,2.41
정우람,2017,한화,120000,1.48
비야누에바,2017,한화,100000,2.55
이용규,2017,한화,90000,0.36
정근우,2017,한화,70000,3.54
배영수,2017,한화,55000,1.7
권혁,2017,한화,45000,-0.43
조인성,2017,한화,40000,-0.52
박정진,2017,한화,33000,0.39
심수창,2017,한화,25000,-0.09
이성열,2017,한화,23000,2.85
송창식,2017,한화,22000,-0.74
김경언,2017,한화,20000,0.51
송광민,2017,한화,20000,4.45
안영명,2017,한화,20000,0.42
윤규진,2017,한화,18000,1.89
최진행,2017,한화,17000,2.28
차일목,2017,한화,17000,1.25
송신영,2017,한화,14000,-0.12
장민석,2017,한화,10000,0.31
하주석,2017,한화,9000,2.78
이태양,2017,한화,8300,-0.01
장민재,2017,한화,8100,-0.98
양성우,2017,한화,8000,1.04
허도환,2017,한화,7800,-0.07
오선진,2017,한화,7600,-0.09
정현석,2017,한화,7500,-0.37
강경학,2017,한화,6200,-0.18
이종환,2017,한화,6000,-0.05
최재훈,2017,한화,5800,1.63
이양기,2017,한화,5700,-0.42
정범모,2017,한화,5500,-0.07
김회성,2017,한화,5500,-0.02
최윤석,2017,한화,5200,-0.49
스크럭스,2017,NC,80000,4.8
박석민,2017,NC,75000,0.13
이호준,2017,NC,75000,1.14
해커,2017,NC,60000,5.21
이종욱,2017,NC,50000,2.2
손시헌,2017,NC,40000,3.96
나성범,2017,NC,35000,6.86
박민우,2017,NC,25000,4.84
임창민,2017,NC,22500,1.52
김태군,2017,NC,21000,3.3
이재학,2017,NC,20000,0.44
김진성,2017,NC,18000,1.69
이민호,2017,NC,16000,0.65
조영훈,2017,NC,15000,-0.28
김종호,2017,NC,15000,-0.04
지석훈,2017,NC,14900,0.73
최금강,2017,NC,14000,-0.27
원종현,2017,NC,14000,0.97
모창민,2017,NC,11700,2.8
김성욱,2017,NC,10000,0.87
임정호,2017,NC,8700,0.35
강윤구,2017,NC,8000,0.24
김준완,2017,NC,7000,0.21
권희동,2017,NC,6800,4.1
장현식,2017,NC,6400,1.51
구창모,2017,NC,5700,0.9
김종민,2017,NC,5500,-0.36
로치,2017,KT,65000,3.61
유한준,2017,KT,60000,1.78
모넬,2017,KT,45000,-1.04
이진영,2017,KT,40000,0.45
로하스,2017,KT,40000,2.86
피어밴드,2017,KT,35000,6.09
이대형,2017,KT,30000,-1.05
박경수,2017,KT,23000,1.97
윤석민,2017,KT,21000,1.09
김사율,2017,KT,20000,0.21
박기혁,2017,KT,15000,-0.77
김재윤,2017,KT,9000,0.81
주권,2017,KT,7500,0.53
오정복,2017,KT,7000,0.65
홍성용,2017,KT,6300,0.21
오태곤,2017,KT,6000,0.46
심재민,2017,KT,5700,0.53
조무근,2017,KT,5700,-0.08
윤요섭,2017,KT,5600,-0.07
엄상백,2017,KT,5300,1.36
고영표,2017,KT,5200,3.78
하준호,2017,KT,5200,-2.02
오설리반,2017,넥센,110000,-0.3
밴헤켄,2017,넥센,90000,4.26
대니돈,2017,넥센,65000,-0.68
이택근,2017,넥센,50000,0.09
서건창,2017,넥센,40000,4.51
김민성,2017,넥센,37000,3.74
채태인,2017,넥센,30000,1.61
브리검,2017,넥센,25000,3.79
한현희,2017,넥센,25000,1.62
김하성,2017,넥센,22000,7.12
초이스,2017,넥센,20000,2.16
마정길,2017,넥센,20000,-0.14
박동원,2017,넥센,20000,1.59
조상우,2017,넥센,15000,0.74
이보근,2017,넥센,15000,0.36
오주원,2017,넥센,12000,0.98
김상수,2017,넥센,12000,1.44
고종욱,2017,넥센,12000,1.1
신재영,2017,넥센,11000,2.69
양훈,2017,넥센,9500,0.13
금민철,2017,넥센,7300,0.29
박정음,2017,넥센,6600,0.28
임병욱,2017,넥센,6500,0.04
김지수,2017,넥센,6200,-0.47
하영민,2017,넥센,6000,0.71
박주현,2017,넥센,5500,-0.16
정대현,2017,넥센,5500,0.11
김재현,2017,넥센,5300,-0.38
이승엽,2016,삼성,100000,3.19
발디리스,2016,삼성,80000,0.24
윤성환,2016,삼성,80000,4.49
웹스터,2016,삼성,75000,1.26
안지만,2016,삼성,75000,-0.22
장원삼,2016,삼성,75000,-0.16
최형우,2016,삼성,70000,7.46
레온,2016,삼성,45000,-0.12
박한이,2016,삼성,45000,1.53
벨레스터,2016,삼성,40000,-0.21
차우찬,2016,삼성,40000,3.37
조동찬,2016,삼성,40000,0.32
김상수,2016,삼성,31000,-0.04
플란데,2016,삼성,25000,-0.27
이지영,2016,삼성,21000,3.29
배영섭,2016,삼성,16000,1.98
박해민,2016,삼성,15000,3.72
심창민,2016,삼성,14000,1.97
박근홍,2016,삼성,11000,0.38
김대우,2016,삼성,11000,0.56
구자욱,2016,삼성,8000,5.32
이흥련,2016,삼성,7500,0.52
권오준,2016,삼성,7000,0.96
정인욱,2016,삼성,6000,0.42
김태완,2016,삼성,6000,-0.34
김건한,2016,삼성,6000,0.28
신용운,2016,삼성,5500,-0.06
우동균,2016,삼성,5500,0.32
이영욱,2016,삼성,5500,-0.15
백정현,2016,삼성,5500,0.95
윤석민,2016,KIA,125000,1.12
필,2016,KIA,90000,2.08
양현종,2016,KIA,75000,7.13
지크,2016,KIA,70000,2.83
이범호,2016,KIA,65000,4.04
김주찬,2016,KIA,50000,5.54
임창용,2016,KIA,30000,0.75
나지완,2016,KIA,20000,4.45
안치홍,2016,KIA,16000,0.06
김원섭,2016,KIA,15000,0.26
심동섭,2016,KIA,14000,0.35
최영필,2016,KIA,13000,1.52
김진우,2016,KIA,12000,0.35
김민우,2016,KIA,12000,-0.17
신종길,2016,KIA,12000,0.02
김광수,2016,KIA,10000,1.05
고효준,2016,KIA,8000,0.07
김선빈,2016,KIA,8000,0.32
김다원,2016,KIA,7000,0.37
한승혁,2016,KIA,7000,-0.04
이홍구,2016,KIA,7000,-3.4
이성우,2016,KIA,6500,-0.6
한기주,2016,KIA,6500,-0.19
백용환,2016,KIA,6000,-2.2
강한울,2016,KIA,6000,1.11
유창식,2016,KIA,6000,-0.04
김호령,2016,KIA,6000,1.37
서동욱,2016,KIA,5800,3.55
김주형,2016,KIA,5500,0.91
곽정철,2016,KIA,5500,-0.01
니퍼트,2016,두산,120000,6.26
장원준,2016,두산,100000,5.37
보우덴,2016,두산,65000,4.76
에반스,2016,두산,55000,4.35
오재원,2016,두산,55000,1.39
양의지,2016,두산,42000,6.48
김재호,2016,두산,41000,5.51
유희관,2016,두산,40000,4.44
이현승,2016,두산,40000,-0.38
홍성흔,2016,두산,40000,-0.25
민병헌,2016,두산,35000,3.28
정수빈,2016,두산,28000,1.09
홍상삼,2016,두산,22000,0.19
허경민,2016,두산,20000,0.39
김성배,2016,두산,18000,-0.35
이원석,2016,두산,15000,0.3
고영민,2016,두산,15000,0.07
정재훈,2016,두산,15000,1.53
이용찬,2016,두산,14500,0.23
윤명준,2016,두산,11500,1.2
오현택,2016,두산,11000,-0.14
최주환,2016,두산,11000,-0.15
함덕주,2016,두산,10000,-0.04
오재일,2016,두산,9500,5.28
허준혁,2016,두산,7500,0.43
박건우,2016,두산,7000,4.96
이현호,2016,두산,6800,-0.35
고원준,2016,두산,6800,0.47
최재훈,2016,두산,6800,-0.18
김강률,2016,두산,6200,0.12
진야곱,2016,두산,6000,0.24
정진호,2016,두산,5200,0.4
최정,2016,SK,100000,6.63
김광현,2016,SK,85000,3.59
켈리,2016,SK,75000,6.23
고메즈,2016,SK,65000,1.12
김강민,2016,SK,60000,3.02
박정권,2016,SK,40000,2.25
세든,2016,SK,40000,0.13
이대수,2016,SK,35000,-0.1
조동화,2016,SK,30000,-0.88
이재원,2016,SK,28000,2.07
채병용,2016,SK,25000,1.72
김승회,2016,SK,22000,-0.15
나주환,2016,SK,20000,0.51
박재상,2016,SK,20000,1.0
김성현,2016,SK,18000,2.25
이명기,2016,SK,18000,1.1
라라,2016,SK,18000,-0.32
신재웅,2016,SK,16500,-0.07
박희수,2016,SK,14000,1.47
전유수,2016,SK,13000,0.1
임준혁,2016,SK,13000,-0.4
윤희상,2016,SK,12000,2.67
정의윤,2016,SK,12000,1.97
박정배,2016,SK,8000,-0.35
한동민,2016,SK,7000,0.07
박종훈,2016,SK,7000,1.49
문광은,2016,SK,6000,-0.43
박용택,2016,LG,80000,3.47
이병규,2016,LG,80000,0.07
이동현,2016,LG,60000,-0.38
허프,2016,LG,55000,1.82
히메네스,2016,LG,50000,7.14
소사,2016,LG,50000,2.54
정성훈,2016,LG,50000,1.04
정현욱,2016,LG,40000,-0.29
우규민,2016,LG,40000,1.2
봉중근,2016,LG,30000,0.34
오지환,2016,LG,25000,5.58
코프랜드,2016,LG,20000,-0.17
류제국,2016,LG,18000,3.35
이병규,2016,LG,15600,1.35
윤지웅,2016,LG,12500,-0.21
임정우,2016,LG,12500,0.8
손주인,2016,LG,12000,2.88
진해수,2016,LG,9500,-0.1
최경철,2016,LG,9000,-0.07
유강남,2016,LG,8100,1.99
유원상,2016,LG,7500,-0.59
양석환,2016,LG,7000,1.57
문선재,2016,LG,6500,1.9
신승현,2016,LG,6000,-0.3
서상우,2016,LG,6000,0.82
김용의,2016,LG,6000,2.05
채은성,2016,LG,5500,2.02
정찬헌,2016,LG,5100,0.19
린드블럼,2016,롯데,120000,3.65
강민호,2016,롯데,100000,4.77
아두치,2016,롯데,78000,0.89
손승락,2016,롯데,70000,1.29
레일리,2016,롯데,63000,4.79
손아섭,2016,롯데,60000,5.52
윤길현,2016,롯데,50000,0.11
황재균,2016,롯데,50000,6.5
송승준,2016,롯데,40000,-0.01
최준석,2016,롯데,40000,1.51
정대현,2016,롯데,32000,-0.03
강영식,2016,롯데,30000,0.09
맥스웰,2016,롯데,28000,-0.14
정훈,2016,롯데,21000,0.5
전준우,2016,롯데,20500,-0.52
노경은,2016,롯데,20000,0.58
박종윤,2016,롯데,16000,0.19
이명우,2016,롯데,15000,-0.21
홍성민,2016,롯데,12000,0.26
이성민,2016,롯데,9500,-0.15
문규현,2016,롯데,9000,2.11
박헌도,2016,롯데,8000,0.18
이우민,2016,롯데,7000,-0.29
오승택,2016,롯데,7000,-0.16
김문호,2016,롯데,7000,1.18
이정민,2016,롯데,6500,2.01
박세웅,2016,롯데,5600,2.26
신본기,2016,롯데,5500,0.76
정우람,2016,한화,120000,2.27
로사리오,2016,한화,100000,2.31
정근우,2016,한화,70000,4.41
이용규,2016,한화,70000,5.6
권혁,2016,한화,45000,1.65
송은범,2016,한화,45000,0.84
서캠프,2016,한화,45000,0.04
조인성,2016,한화,40000,-1.87
박정진,2016,한화,30000,0.14
안영명,2016,한화,28000,-0.16
심수창,2016,한화,25000,-0.02
이성열,2016,한화,25000,1.67
카스티요,2016,한화,20000,1.11
김경언,2016,한화,20000,0.49
마에스트리,2016,한화,20000,-0.51
송신영,2016,한화,19000,0.14
최진행,2016,한화,18500,0.27
윤규진,2016,한화,17000,0.81
송창식,2016,한화,16000,1.13
차일목,2016,한화,15000,1.88
송광민,2016,한화,10000,3.31
장민석,2016,한화,10000,-1.44
정현석,2016,한화,9500,-0.42
이재우,2016,한화,9000,-0.06
권용관,2016,한화,8000,-0.14
김태완,2016,한화,8000,0.47
오선진,2016,한화,8000,0.13
허도환,2016,한화,7500,1.1
강경학,2016,한화,6500,-1.62
이태양,2016,한화,6500,2.48
이종환,2016,한화,6200,0.07
정범모,2016,한화,6000,-0.07
최윤석,2016,한화,5700,-0.4
김회성,2016,한화,5500,0.07
이양기,2016,한화,5400,-0.37
이동걸,2016,한화,5200,0.07
정대훈,2016,한화,5100,0.24
테임즈,2016,NC,125000,5.18
이호준,2016,NC,75000,2.0
박석민,2016,NC,75000,1.55
해커,2016,NC,60000,4.84
스튜어트,2016,NC,50000,3.61
이종욱,2016,NC,50000,1.83
손시헌,2016,NC,40000,4.45
나성범,2016,NC,30000,5.43
김태군,2016,NC,21000,1.01
이재학,2016,NC,20000,2.31
박민우,2016,NC,19000,4.35
김종호,2016,NC,17500,0.06
임창민,2016,NC,17400,2.3
김진성,2016,NC,15000,1.16
지석훈,2016,NC,14000,-1.63
이민호,2016,NC,13500,1.04
모창민,2016,NC,12500,1.48
조영훈,2016,NC,11000,2.39
이태양,2016,NC,10000,1.25
최금강,2016,NC,9200,1.57
용덕한,2016,NC,8500,0.58
원종현,2016,NC,8000,2.17
임정호,2016,NC,7700,-0.26
권희동,2016,NC,6800,-0.04
김선규,2016,NC,6000,0.27
김성욱,2016,NC,5500,1.74
마르테,2016,KT,75000,2.59
유한준,2016,KT,60000,1.37
이진영,2016,KT,60000,1.44
피어밴드,2016,KT,42000,5.29
마리몬,2016,KT,40000,1.71
밴와트,2016,KT,40000,3.01
이대형,2016,KT,30000,-2.46
피노,2016,KT,30000,0.16
박경수,2016,KT,23000,4.75
김상현,2016,KT,20000,-0.47
김사율,2016,KT,20000,0.37
로위,2016,KT,17000,0.93
박기혁,2016,KT,15000,-0.59
장시환,2016,KT,8900,0.68
조무근,2016,KT,8500,0.28
오정복,2016,KT,8000,-0.31
김재윤,2016,KT,7200,1.0
홍성용,2016,KT,7000,0.36
윤요섭,2016,KT,6500,0.06
정대현,2016,KT,6300,1.12
윤근영,2016,KT,6200,-0.02
하준호,2016,KT,6000,-0.5
엄상백,2016,KT,6000,0.59
밴헤켄,2016,넥센,100000,2.58
대니돈,2016,넥센,60000,3.23
이택근,2016,넥센,50000,0.69
코엘로,2016,넥센,40000,1.82
채태인,2016,넥센,30000,0.47
서건창,2016,넥센,26000,5.19
김민성,2016,넥센,22000,4.02
마정길,2016,넥센,20000,0.82
윤석민,2016,넥센,16000,2.67
김하성,2016,넥센,16000,4.03
김세현,2016,넥센,16000,1.6
양훈,2016,넥센,15000,-0.44
박동원,2016,넥센,14000,1.18
맥그레거,2016,넥센,12000,1.67
오주원,2016,넥센,8800,1.22
이보근,2016,넥센,8400,0.54
강윤구,2016,넥센,8000,-0.03
금민철,2016,넥센,7900,-0.06
고종욱,2016,넥센,7700,2.47
김상수,2016,넥센,6000,0.95
유재신,2016,넥센,6000,0.1
하영민,2016,넥센,5500,0.53
김지수,2016,넥센,5500,0.66
