이름,연도,이닝,ERA,FIP,WHIP,war,연봉
페디,23  P,180.1,2.0,2.22,0.95,7.95,80000
후라도,23  P,183.2,2.65,3.15,1.12,7.12,85000
안우진,23  P,150.2,2.39,2.33,1.06,6.86,35000
뷰캐넌,23  P,188.0,2.54,3.05,1.15,6.31,110000
고영표,23  P,174.2,2.78,3.19,1.15,5.91,43000
알칸타라,23  P,192.0,2.67,3.38,1.07,5.79,50000
반즈,23  P,170.1,3.28,3.4,1.33,5.74,85000
박세웅,23  P,154.0,3.45,3.62,1.32,4.63,3600
플럿코,23  P,123.1,2.41,3.14,1.18,4.58,80000
쿠에바스,23  P,114.1,2.6,2.78,1.04,4.57,45000
김광현,23  P,168.1,3.53,4.19,1.38,4.48,100000
원태인,23  P,150.0,3.24,4.17,1.27,4.48,35000
곽빈,23  P,127.1,2.9,3.96,1.21,4.36,14000
페냐,23  P,177.1,3.6,4.06,1.17,4.20,55000
브랜든,23  P,104.2,2.49,3.16,1.05,3.61,23000
엘리아스,23  P,131.1,3.7,4.09,1.32,3.54,54000
양현종,23  P,171.0,3.58,3.7,1.34,3.54,50000
켈리,23  P,178.2,3.83,3.49,1.24,3.41,105000
임찬규,23  P,144.2,3.42,4.16,1.35,3.40,17000
나균안,23  P,130.1,3.8,3.51,1.4,3.40,10900
맥카티,23  P,130.0,3.39,3.63,1.3,3.38,60000
최원태,23  P,146.2,4.3,3.89,1.33,3.20,35000
백정현,23  P,100.2,3.67,3.91,1.29,3.09,40000
윌커슨,23  P,79.2,2.26,2.61,1.09,3.03,25000
문동주,23  P,118.2,3.72,3.65,1.31,2.96,3300
엄상백,23  P,111.2,3.63,3.36,1.16,2.91,20000
벤자민,23  P,160.0,3.54,3.14,1.21,2.90,100000
서진용,23  P,73.0,2.59,4.27,1.53,2.84,26500
이의리,23  P,131.2,3.96,3.63,1.49,2.78,15000
수아레즈,23  P,108.0,3.92,3.12,1.49,2.52,90000
산체스,23  P,126.0,3.79,3.92,1.3,2.51,25000
류진욱,23  P,67.0,2.15,3.24,1.09,2.36,7500
함덕주,23  P,55.2,1.62,2.69,0.97,2.35,10000
윤영철,23  P,122.2,4.04,4.55,1.4,2.27,3000
주현상,23  P,59.2,1.96,3.25,0.84,2.21,5800
김재윤,23  P,65.2,2.6,2.4,1.02,2.05,36000
김진성,23  P,70.1,2.18,3.9,0.95,2.03,20000
백승현,23  P,40.0,1.58,3.89,1.15,2.02,4600
박영현,23  P,75.1,2.75,2.65,1.14,1.98,6100
배제성,23  P,130.1,4.49,4.76,1.7,1.95,20000
태너,23  P,64.2,2.92,3.81,1.1,1.94,15000
최승용,23  P,111.0,3.97,4.03,1.35,1.94,6000
신민혁,23  P,122.0,3.98,4.01,1.2,1.91,13500
김동주,23  P,78.1,4.14,4.27,1.38,1.81,3100
스트레일리,23  P,80.1,4.37,4.37,1.48,1.78,100000
파노니,23  P,82.1,4.26,3.65,1.32,1.73,35000
와이드너,23  P,115.0,4.54,3.66,1.32,1.71,59800
구창모,23  P,51.2,2.96,3.02,1.05,1.70,60000
오원석,23  P,144.2,5.23,4.9,1.57,1.64,14000
노경은,23  P,83.0,3.58,3.81,1.37,1.64,17000
김상수,23  P,52.0,3.12,3.78,1.27,1.58,11000
최준용,23  P,47.2,2.45,3.42,1.43,1.55,15800
임기영,23  P,82.0,2.96,3.93,0.91,1.54,15000
김윤식,23  P,74.2,4.22,4.24,1.49,1.48,15000
이태양,23  P,100.1,3.23,3.6,1.21,1.44,66000
전상현,23  P,58.2,2.15,3.3,1.3,1.44,13500
김원중,23  P,63.2,2.97,2.37,1.19,1.36,25200
앤더슨,23  P,79.0,3.76,3.83,1.29,1.34,60000
손동현,23  P,73.2,3.42,4.23,1.19,1.30,5000
정찬헌,23  P,72.0,4.75,3.9,1.17,1.27,10000
임창민,23  P,46.2,2.51,3.6,1.46,1.26,10000
김재웅,23  P,59.2,4.22,3.52,1.34,1.25,22000
최원준,23  P,107.2,4.93,4.57,1.37,1.23,22000
이재학,23  P,67.1,4.54,5.06,1.31,1.16,20000
윤대경,23  P,47.2,2.45,5.01,1.15,1.08,9000
김영규,23  P,61.2,3.06,3.5,1.1,1.06,14000
정해영,23  P,49.1,2.92,4.25,1.48,1.06,23000
심재민,23  P,47.2,3.78,4.0,1.57,1.03,8300
김명신,23  P,79.0,3.65,3.42,1.25,0.95,14500
한현희,23  P,104.0,5.45,4.97,1.61,0.95,20000
최성영,23  P,66.2,4.86,5.22,1.64,0.94,7200
요키시,23  P,65.2,4.39,3.25,1.46,0.94,120000
구승민,23  P,63.2,3.96,3.66,1.48,0.90,24860
이정용,23  P,86.2,4.15,3.84,1.37,0.87,24000
송명기,23  P,104.1,4.83,5.38,1.47,0.86,13000
홍건희,23  P,61.2,3.06,3.21,1.48,0.84,30000
김성진,23  P,47.0,3.64,4.74,1.47,0.84,4500
고효준,23  P,58.0,4.5,4.03,1.57,0.78,8500
문승원,23  P,105.0,5.23,4.84,1.65,0.78,70000
이우찬,23  P,38.1,3.52,3.82,1.38,0.78,12000
오승환,23  P,62.2,3.45,4.59,1.15,0.77,140000
이용찬,23  P,61.0,4.13,3.8,1.18,0.72,40000
이준영,23  P,33.2,3.21,3.74,1.46,0.68,14000
김기중,23  P,56.1,4.63,4.69,1.54,0.67,3600
이건욱,23  P,38.2,2.09,4.01,1.45,0.60,3100
이승현,23  P,60.0,3.6,3.81,1.38,0.55,12000
이상동,23  P,40.2,3.98,3.44,1.48,0.55,3200
고우석,23  P,44.0,3.68,2.8,1.36,0.53,43000
최동환,23  P,42.1,3.19,4.41,1.39,0.52,10500
장시환,23  P,34.2,3.38,4.61,1.53,0.52,28000
박치국,23  P,52.2,3.59,3.49,1.42,0.50,10500
김강률,23  P,25.2,4.21,4.42,1.36,0.40,20000
박종훈,23  P,80.0,6.19,6.35,1.71,0.39,50000
김진호,23  P,16.1,2.76,2.57,1.53,0.38,6000
이용준,23  P,67.0,4.3,5.0,1.55,0.36,3500
슐서,23  P,49.2,5.62,4.34,1.61,0.33,65000
김대우,23  P,64.0,4.5,4.4,1.38,0.29,7000
이재익,23  P,41.0,3.95,4.27,1.54,0.29,5700
최민준,23  P,60.0,4.2,4.68,1.57,0.28,13000
정우람,23  P,40.1,5.36,4.34,1.54,0.26,50000
장현식,23  P,51.0,4.06,4.67,1.65,0.25,19000
윤중현,23  P,28.0,3.86,5.09,1.39,0.24,7900
박민호,23  P,10.0,0.9,3.78,1.5,0.24,9500
문용익,23  P,13.0,4.15,4.88,1.54,0.23,6300
김도규,23  P,29.2,4.55,3.52,1.42,0.21,9500
최채흥,23  P,63.1,6.68,5.12,1.67,0.21,15000
이상규,23  P,7.2,2.35,3.91,1.57,0.19,3600
임정호,23  P,50.0,4.68,3.42,1.36,0.18,9000
이지강,23  P,68.0,3.97,4.84,1.29,0.17,3600
김범수,23  P,62.1,4.19,3.93,1.56,0.17,14100
하준영,23  P,49.0,4.59,3.65,1.45,0.16,7500
이민우,23  P,13.2,2.63,4.94,1.02,0.16,5100
우규민,23  P,43.0,4.81,3.63,1.4,0.15,25000
주권,23  P,47.0,4.4,5.28,1.45,0.15,29500
정성종,23  P,22.0,5.32,5.37,1.64,0.15,3600
이명종,23  P,57.0,5.21,5.38,1.58,0.14,4500
윤정현,23  P,6.0,1.5,6.12,1.83,0.13,4500
조민석,23  P,31.0,4.06,4.06,1.52,0.13,3500
김승현,23  P,12.2,4.26,6.1,1.66,0.13,4500
이재희,23  P,8.0,3.38,5.71,1.13,0.12,3600
산체스,23  P,63.2,5.94,3.77,1.48,0.12,25000
맥키니,23  P,59.1,6.52,6.14,1.63,0.11,10000
이상영,23  P,11.0,3.27,6.04,1.82,0.11,5000
장원준,23  P,41.0,5.27,4.53,1.56,0.10,5000
스미스,23  P,2.2,6.75,3.14,1.13,0.09,70000
이승호,23  P,5.0,5.4,8.21,1.8,0.09,12800
이민석,23  P,1.1,0.0,4.3,0.75,0.09,4100
심창민,23  P,3.1,2.7,5.68,2.1,0.06,15000
장민재,23  P,69.0,4.83,4.83,1.46,0.05,11500
서동민,23  P,1.0,0.0,10.65,3.0,0.05,6000
이승현,23  P,43.1,4.98,5.51,1.62,0.05,12000
박정수,23  P,36.2,4.17,4.21,1.5,0.05,4500
송승기,23  P,1.0,0.0,6.95,2.0,0.04,3500
하준수,23  P,1.0,0.0,7.55,2.0,0.04,3100
유승철,23  P,1.0,0.0,6.95,1.0,0.04,3800
김민규,23  P,8.1,4.32,4.58,1.2,0.04,5500
송은범,23  P,3.2,2.45,5.02,2.45,0.04,14000
윤호솔,23  P,3.2,2.45,3.66,1.64,0.04,8700
이우석,23  P,0.2,0.0,8.5,1.5,0.03,3300
류원석,23  P,2.0,4.5,4.15,0.5,0.02,3500
박준표,23  P,28.0,4.5,4.96,1.32,0.01,10500
조현우,23  P,3.0,6.0,5.08,2.67,0.01,7600
김준형,23  P,7.2,7.04,5.86,1.3,0.00,4200
하준호,23  P,13.0,4.15,6.27,1.85,0.00,4500
한두솔,23  P,1.0,9.0,5.05,2.0,0.00,3100
이민호,23  P,19.2,5.03,5.14,1.63,-0.01,14000
김영준,23  P,0.1,27.0,13.15,6.0,-0.01,3800
진해수,23  P,14.2,3.68,5.54,1.91,-0.01,25000
박세진,23  P,11.2,3.86,6.45,2.49,-0.01,3300
홍성민,23  P,2.0,9.0,10.1,3.0,-0.01,15000
채지선,23  P,3.1,8.1,6.07,2.4,-0.02,3800
이승진,23  P,0.2,0.0,9.4,3.0,-0.02,8800
문성현,23  P,28.1,4.45,5.02,1.62,-0.02,7000
배재준,23  P,1.0,18.0,6.95,3.0,-0.02,7500
나원탁,23  P,0.2,40.5,22.6,6.0,-0.02,3400
오석주,23  P,10.0,6.3,4.41,1.5,-0.02,3700
김대유,23  P,24.2,5.11,4.42,1.38,-0.03,16000
박세웅,23  P,0.2,27.0,31.9,6.0,-0.03,3600
송윤준,23  P,4.1,8.31,3.55,1.38,-0.04,3500
박승주,23  P,18.0,3.5,5.67,1.78,-0.04,4500
한재승,23  P,9.2,4.66,5.33,1.45,-0.04,3200
박신지,23  P,26.0,5.54,4.53,1.92,-0.04,3600
정철원,23  P,72.2,3.96,4.63,1.35,-0.05,10000
류희운,23  P,4.0,11.25,5.87,2.0,-0.06,3300
김시현,23  P,3.0,12.0,12.18,2.67,-0.06,3700
메디나,23  P,58.0,6.05,5.56,1.6,-0.07,30000
김진욱,23  P,36.1,6.44,5.4,1.82,-0.07,5600
황동재,23  P,31.2,7.11,6.22,1.93,-0.07,4100
박준영,23  P,4.1,18.69,5.53,2.31,-0.08,6000
손주영,23  P,8.2,5.19,4.55,2.08,-0.08,4100
딜런,23  P,9.0,8.0,7.66,1.67,-0.08,45000
이병헌,23  P,27.0,4.67,4.78,1.74,-0.08,3100
김대현,23  P,3.1,10.8,7.96,3.0,-0.08,6200
박윤철,23  P,3.1,21.6,14.89,3.0,-0.09,3400
최충연,23  P,9.1,4.82,8.85,1.82,-0.09,5500
이영준,23  P,1.2,21.6,5.71,3.0,-0.10,7000
김시훈,23  P,52.2,4.44,4.26,1.73,-0.10,9000
신정락,23  P,29.0,4.66,4.47,1.48,-0.10,7000
정성곤,23  P,4.1,10.38,12.62,3.46,-0.11,5500
고봉재,23  P,11.1,6.35,4.49,1.68,-0.11,3300
임준섭,23  P,32.2,5.79,4.12,1.93,-0.12,4000
최지광,23  P,17.1,5.19,5.79,1.5,-0.12,14000
배민서,23  P,6.2,6.75,3.74,1.8,-0.13,5100
남지민,23  P,37.2,6.45,3.8,1.78,-0.14,4300
김재영,23  P,8.0,10.13,6.81,1.88,-0.14,5300
변시원,23  P,2.1,42.43,14.78,4.29,-0.14,4000
윤산흠,23  P,3.0,6.0,7.55,3.0,-0.14,4800
이채호,23  P,24.2,6.93,7.44,1.42,-0.14,6000
이로운,23  P,57.2,5.62,4.65,1.66,-0.15,3000
허윤동,23  P,10.2,10.13,5.46,2.63,-0.15,5400
원종현,23  P,18.2,5.79,4.32,1.55,-0.17,50000
김태오,23  P,7.1,7.36,4.09,1.91,-0.18,3500
최성훈,23  P,3.0,15.0,3.22,2.67,-0.18,13000
안우진,22  P,196.0,2.11,2.09,0.95,8.45,15000
수아레즈,22  P,173.2,2.49,2.94,1.16,6.65,70000
김광현,22  P,173.1,2.13,3.14,1.07,6.44,810000
요키시,22  P,185.1,2.57,2.86,1.09,6.25,90000
뷰캐넌,22  P,160.0,3.04,3.61,1.34,5.75,110000
반즈,22  P,186.1,3.62,3.21,1.2,5.70,46000
루친스키,22  P,193.2,2.97,2.8,1.13,5.68,160000
폰트,22  P,184.0,2.69,3.31,0.95,5.58,110000
고영표,22  P,182.1,3.26,2.75,1.17,5.31,30000
켈리,22  P,166.1,2.54,2.89,1.08,5.26,90000
플럿코,22  P,162.0,2.39,3.19,1.01,5.26,50000
구창모,22  P,111.2,2.1,3.03,1.08,4.85,19000
소형준,22  P,171.1,3.05,3.41,1.15,4.70,20000
원태인,22  P,165.1,3.92,3.72,1.29,4.67,30000
놀린,22  P,124.0,2.47,3.05,1.12,4.31,35000
엄상백,22  P,140.1,2.95,3.6,1.22,4.13,8000
박세웅,22  P,157.1,3.89,2.84,1.34,3.97,3300
곽빈,22  P,147.2,3.78,3.99,1.37,3.53,6500
이인복,22  P,126.2,4.19,3.78,1.44,3.48,8500
최원준,22  P,165.0,3.6,4.41,1.33,3.43,34000
벤자민,22  P,96.2,2.7,4.04,1.02,3.10,23100
김민우,22  P,163.0,4.36,4.61,1.39,3.09,19100
모리만도,22  P,75.1,1.67,2.99,1.06,3.07,18000
양현종,22  P,175.1,3.85,3.66,1.25,3.07,100000
장민재,22  P,126.2,3.55,4.74,1.29,3.03,7600
김재웅,22  P,62.2,2.01,3.84,1.09,2.74,10400
나균안,22  P,117.2,3.98,2.73,1.38,2.73,5800
김윤식,22  P,114.1,3.31,3.29,1.33,2.70,7000
스탁,22  P,165.0,3.6,4.09,1.48,2.68,40000
고우석,22  P,60.2,1.48,2.69,0.96,2.65,27000
파노니,22  P,82.2,2.72,3.27,1.23,2.63,30000
김민수,22  P,80.2,1.9,2.1,1.0,2.53,6200
임기영,22  P,129.1,4.24,4.81,1.34,2.51,14000
스트레일리,22  P,62.1,2.31,3.93,1.22,2.44,40000
애플러,22  P,140.1,4.3,4.37,1.51,2.34,27500
이의리,22  P,154.0,3.86,4.23,1.31,2.32,9000
데스파이네,22  P,163.0,4.53,3.98,1.51,2.27,70000
이용찬,22  P,60.2,2.08,2.68,1.14,2.24,40000
이태양,22  P,112.0,3.62,4.76,1.25,2.15,12000
노경은,22  P,79.2,3.05,3.86,1.15,2.15,10000
최원태,22  P,105.2,3.75,4.18,1.26,2.08,31000
구승민,22  P,62.0,2.9,2.91,1.31,1.89,18100
신민혁,22  P,118.1,4.56,4.12,1.34,1.89,12000
오원석,22  P,144.0,4.5,4.48,1.5,1.78,6500
백정현,22  P,124.2,5.27,5.62,1.53,1.75,80000
김재윤,22  P,66.1,3.26,2.54,1.01,1.73,28000
브랜든,22  P,65.0,3.6,4.35,1.23,1.62,15000
배제성,22  P,107.0,4.21,3.96,1.39,1.54,27000
김태경,22  P,44.1,3.25,4.93,1.29,1.45,3300
오승환,22  P,57.0,3.32,3.98,1.26,1.41,160000
라미레즈,22  P,65.1,4.13,4.8,1.36,1.33,27500
송명기,22  P,107.2,4.51,4.75,1.58,1.33,13000
페냐,22  P,67.2,3.72,3.39,1.37,1.33,40000
최준용,22  P,71.0,4.06,3.69,1.17,1.28,10700
김영규,22  P,66.0,3.41,4.16,1.18,1.27,9500
스파크맨,22  P,84.2,5.31,3.68,1.65,1.25,50000
김대유,22  P,39.2,2.04,3.76,1.26,1.25,12500
이준영,22  P,46.1,2.91,3.89,1.45,1.22,6700
정해영,22  P,56.0,3.38,3.44,1.29,1.17,17000
한현희,22  P,77.2,4.75,4.54,1.38,1.15,25000
서준원,22  P,60.0,4.8,3.95,1.47,1.14,8400
파슨스,22  P,43.0,3.56,3.98,1.28,1.14,44000
이우찬,22  P,44.2,1.81,3.42,1.12,1.13,5000
진해수,22  P,45.0,2.4,2.93,1.11,1.07,30000
이재학,22  P,91.0,4.75,4.57,1.42,1.02,18000
주권,22  P,50.2,3.91,3.45,1.3,1.01,29500
전상현,22  P,46.1,3.3,2.37,1.25,0.96,11000
김도규,22  P,51.0,3.71,3.38,1.31,0.96,5700
김명신,22  P,79.2,3.62,3.71,1.26,0.93,10000
최승용,22  P,93.1,5.3,4.58,1.58,0.92,3500
원종현,22  P,63.1,2.98,3.63,1.14,0.89,27000
정우영,22  P,58.0,2.64,4.49,1.38,0.87,28000
문성현,22  P,41.1,3.27,3.84,1.16,0.87,3500
김진성,22  P,58.0,3.1,3.76,1.14,0.86,10000
배재준,22  P,31.1,2.3,3.83,1.18,0.81,5000
서진용,22  P,67.1,4.01,4.33,1.49,0.78,18500
이승호,22  P,50.1,3.58,5.1,1.41,0.76,8500
장현식,22  P,52.0,3.12,4.21,1.54,0.76,20000
임찬규,22  P,103.2,5.04,4.5,1.47,0.72,20000
카펜터,22  P,18.0,2.5,3.57,1.39,0.64,35000
김원중,22  P,43.0,3.98,2.41,1.3,0.63,28000
최성훈,22  P,33.1,2.16,3.79,1.08,0.62,10500
홍정우,22  P,26.2,3.04,4.53,1.2,0.61,5300
정찬헌,22  P,87.1,5.36,5.56,1.53,0.60,28000
이승현,22  P,50.0,4.68,4.51,1.4,0.59,10000
김범수,22  P,66.0,4.36,4.13,1.5,0.55,9680
우규민,22  P,47.0,3.26,3.42,1.3,0.54,20000
김기훈,22  P,8.2,1.04,3.69,1.27,0.52,4000
이영하,22  P,98.2,4.93,4.23,1.68,0.51,16000
킹험,22  P,16.1,2.76,2.9,1.22,0.45,70000
김태훈,22  P,43.0,3.14,4.15,1.4,0.41,15000
이승현,22  P,47.2,4.53,3.47,1.34,0.41,10000
문용익,22  P,37.2,3.35,4.86,1.41,0.40,4500
쿠에바스,22  P,11.0,2.45,4.74,0.64,0.39,80000
김택형,22  P,60.1,4.92,4.03,1.31,0.38,12500
임정호,22  P,25.0,3.24,2.38,1.12,0.37,10500
홍건희,22  P,62.0,3.48,3.42,1.27,0.36,25000
김준형,22  P,13.1,2.03,6.15,1.65,0.34,4200
함덕주,22  P,12.2,2.13,4.16,1.58,0.34,12000
심재민,22  P,43.1,3.74,4.82,1.32,0.33,8200
송은범,22  P,26.2,4.05,5.07,1.46,0.32,15000
박승주,22  P,25.0,4.32,5.99,1.64,0.32,3200
김진욱,22  P,46.2,6.36,4.55,1.67,0.31,5100
이민호,22  P,119.1,5.51,4.95,1.58,0.30,9800
최민준,22  P,68.1,3.95,5.4,1.24,0.26,6500
박정수,22  P,19.2,3.2,3.68,1.32,0.26,5000
더모디,22  P,39.2,4.54,3.92,1.39,0.24,18000
이정용,22  P,59.1,3.34,3.75,1.2,0.24,14000
장시환,22  P,63.2,4.38,3.41,1.41,0.24,21000
허윤동,22  P,55.0,6.55,6.13,1.78,0.23,4700
최동환,22  P,50.0,4.14,4.59,1.24,0.22,6000
강재민,22  P,51.1,4.21,5.08,1.42,0.22,15000
이승민,22  P,5.1,1.69,5.75,1.31,0.20,4100
박시영,22  P,15.2,4.6,4.14,1.47,0.20,12000
고영창,22  P,24.0,1.88,5.52,1.42,0.20,4200
조현우,22  P,12.0,4.5,4.81,1.5,0.20,9500
채지선,22  P,3.0,0.0,3.15,0.33,0.19,4000
정우람,22  P,18.1,2.95,2.55,1.58,0.19,80000
하준영,22  P,39.0,4.62,3.23,1.08,0.18,4000
김민,22  P,7.2,2.35,3.94,0.78,0.18,5500
박상원,22  P,12.0,2.25,2.0,1.42,0.17,13300
김윤수,22  P,35.0,5.91,4.22,1.74,0.15,6500
김대우,22  P,4.1,2.08,0.9,0.92,0.15,12000
서동민,22  P,21.0,2.57,4.99,1.14,0.15,4000
김동혁,22  P,26.2,4.73,3.26,1.46,0.13,6000
박치국,22  P,11.2,5.4,4.14,1.29,0.13,14500
윤정현,22  P,22.2,6.35,5.15,1.72,0.12,4100
고효준,22  P,38.2,3.72,3.51,1.42,0.11,4000
최충연,22  P,38.1,4.7,4.6,1.54,0.11,4500
장지훈,22  P,55.0,4.25,4.37,1.22,0.10,10500
박웅,22  P,6.0,3.0,6.15,2.33,0.09,3300
이정현,22  P,3.2,2.45,10.58,1.91,0.08,3500
이승재,22  P,1.0,0.0,4.38,0.0,0.08,3600
한승혁,22  P,80.1,5.27,4.0,1.74,0.07,5300
강윤구,22  P,21.1,5.48,1.64,1.45,0.04,7300
손주영,22  P,12.2,4.97,4.9,1.42,0.04,3800
장필준,22  P,30.0,5.7,4.42,1.77,0.04,12000
이수민,22  P,4.2,5.79,9.25,1.71,0.02,3300
안영명,22  P,3.1,2.7,3.03,0.9,0.02,8500
지명성,22  P,2.0,4.5,4.08,1.5,0.02,3200
김선기,22  P,36.2,5.15,3.84,1.58,0.02,6300
김현수,22  P,2.0,4.5,4.08,2.0,0.02,4000
이대호,22  DH,0.1,0.0,3.78,0.0,0.02,80000
임준섭,22  P,3.2,2.45,5.48,1.64,0.01,4000
박세웅,22  P,2.2,6.75,8.88,2.25,0.01,3300
박동수,22  P,14.2,5.52,5.88,2.18,0.01,3000
이상민,22  P,29.1,3.68,5.75,1.53,0.01,5500
박종훈,22  P,48.0,6.0,5.06,1.52,0.00,180000
홍상삼,22  P,21.2,5.82,5.53,1.57,0.00,10000
조무근,22  P,2.0,4.5,4.08,1.5,0.00,3300
정성종,22  P,4.1,4.15,3.76,1.85,-0.01,4100
노성호,22  P,2.0,4.5,5.93,2.5,-0.01,5800
송윤준,22  P,4.1,6.23,4.91,1.15,-0.01,4100
이재익,22  P,33.1,5.94,4.57,1.5,-0.01,3700
전영준,22  P,5.0,7.2,7.52,2.0,-0.01,3000
김태오,22  P,4.1,4.15,0.9,2.08,-0.02,3400
이형범,22  P,31.0,4.35,4.3,1.45,-0.02,8100
이우석,22  P,1.2,21.6,11.58,2.4,-0.03,3300
로니,22  P,44.1,5.89,6.03,1.69,-0.03,30000
이영준,22  P,21.0,4.29,3.95,1.9,-0.03,6000
권휘,22  P,9.1,5.79,5.71,1.39,-0.03,3700
이창재,22  P,1.1,33.75,7.01,5.25,-0.03,6700
이도윤,22  SS,1.1,20.25,3.78,3.0,-0.03,3400
정성곤,22  P,2.2,10.13,10.08,1.5,-0.05,7500
이승헌,22  P,0.2,54.0,13.98,9.0,-0.05,5300
이충호,22  P,4.2,9.64,8.18,2.57,-0.05,3200
이건욱,22  P,3.0,9.0,10.22,2.0,-0.05,3200
나원탁,22  P,6.0,9.0,6.05,2.33,-0.06,3100
박민호,22  P,22.0,4.09,5.88,1.68,-0.07,12000
윤중현,22  P,53.2,5.03,4.51,1.43,-0.07,6500
김대우,22  P,10.0,4.5,4.26,1.4,-0.07,12000
김건우,22  P,3.0,9.0,11.05,3.0,-0.08,3100
장원준,22  P,17.0,3.71,4.21,1.76,-0.09,5000
윤호솔,22  P,42.1,4.04,4.37,1.68,-0.09,6350
신재영,22  P,4.1,12.46,6.97,2.08,-0.09,4000
진명호,22  P,16.1,6.06,4.92,1.96,-0.09,6500
장재영,22  P,14.0,7.71,3.86,2.14,-0.10,3100
김유신,22  P,14.2,6.14,8.07,1.7,-0.10,3700
양창섭,22  P,20.1,8.41,6.29,1.77,-0.10,4700
미란다,22  P,7.2,8.22,8.86,2.61,-0.11,160000
김지용,22  P,19.1,6.05,6.14,1.24,-0.11,6000
류진욱,22  P,46.1,4.86,4.64,1.71,-0.11,7500
최영환,22  P,2.2,20.25,5.17,3.38,-0.11,4700
강동연,22  P,8.2,10.38,7.1,2.19,-0.11,4200
심창민,22  P,6.1,14.21,6.31,2.53,-0.11,28000
임대한,22  P,13.2,5.27,5.01,1.54,-0.11,4000
김기중,22  P,12.0,6.0,9.18,2.08,-0.12,3900
김도현,22  P,10.2,7.59,5.18,2.06,-0.12,3500
문경찬,22  P,40.1,5.8,4.63,1.59,-0.13,9000
김승현,22  P,4.0,11.25,9.71,2.5,-0.14,5500
김상수,22  P,8.0,9.0,7.76,1.63,-0.15,25000
전유수,22  P,11.0,8.18,5.82,2.0,-0.15,8000
남지민,22  P,89.0,6.37,5.51,1.73,-0.16,3300
문승원,22  P,24.2,5.11,3.83,1.58,-0.16,160000
김태훈,22  P,5.1,10.13,13.59,3.0,-0.16,15000
박주성,22  P,13.0,5.54,8.05,1.38,-0.17,4000
류희운,22  P,11.2,8.49,6.07,1.89,-0.18,3300
조요한,22  P,19.1,6.52,5.8,1.55,-0.19,3300
양현,22  P,36.2,5.15,5.48,1.53,-0.19,10000
하준호,22  P,16.1,8.27,6.17,1.96,-0.19,5000
김현준,22  P,14.2,5.52,3.31,1.64,-0.20,3300
미란다,21  P,173.2,2.33,2.42,1.14,7.49,55000
백정현,21  P,157.2,2.63,4.23,1.24,6.15,25500
원태인,21  P,158.2,3.06,3.65,1.25,6.03,13000
루친스키,21  P,178.2,3.17,3.22,1.2,5.79,130000
뷰캐넌,21  P,177.0,3.1,3.39,1.31,5.69,90000
고영표,21  P,166.2,2.92,3.22,1.04,5.65,12000
켈리,21  P,177.0,3.15,3.76,1.24,5.63,70000
요키시,21  P,181.1,2.93,3.59,1.2,5.58,75000
데스파이네,21  P,188.2,3.39,3.61,1.34,5.24,50000
박세웅,21  P,163.0,3.98,4.51,1.19,5.23,16500
최원준,21  P,158.1,3.3,4.01,1.24,4.88,13000
수아레즈,21  P,115.1,2.18,2.66,1.14,4.52,40000
로켓,21  P,124.0,2.98,3.34,1.4,4.49,49300
파슨스,21  P,133.0,3.72,3.51,1.29,4.39,32000
스트레일리,21  P,165.2,4.07,3.54,1.38,4.37,90000
킹험,21  P,144.0,3.19,3.39,1.1,4.20,25000
폰트,21  P,145.2,3.46,3.12,1.09,4.09,85000
김민우,21  P,155.1,4.0,4.56,1.33,3.90,9000
배제성,21  P,141.2,3.68,3.69,1.47,3.55,17000
신민혁,21  P,145.0,4.41,4.36,1.37,3.51,4000
멩덴,21  P,120.0,3.6,3.9,1.2,3.48,42500
임기영,21  P,153.0,4.88,3.96,1.31,3.27,10000
카펜터,21  P,170.0,3.97,3.91,1.31,2.79,30000
안우진,21  P,107.2,3.26,4.0,1.2,2.73,9000
정해영,21  P,65.1,2.2,4.27,1.18,2.56,7000
오승환,21  P,62.0,2.03,2.79,1.16,2.54,110000
쿠에바스,21  P,133.1,4.12,3.44,1.37,2.52,50000
고우석,21  P,58.0,2.17,2.63,1.21,2.52,18000
최채흥,21  P,122.1,4.56,4.61,1.47,2.51,16000
정우영,21  P,65.0,2.22,3.76,1.06,2.49,18000
장현식,21  P,76.2,3.29,4.06,1.42,2.43,10500
홍건희,21  P,74.1,2.78,2.62,1.24,2.39,11000
브룩스,21  P,78.0,3.35,3.29,1.4,2.31,100000
김재윤,21  P,67.0,2.42,3.24,1.21,2.25,17000
이민호,21  P,115.0,4.3,4.53,1.17,2.13,7000
정찬헌,21  P,114.1,4.01,4.0,1.4,2.13,20000
최준용,21  P,47.1,2.85,3.95,1.2,2.12,4200
프랑코,21  P,150.0,5.4,5.25,1.48,2.10,24500
소형준,21  P,119.0,4.16,4.01,1.46,2.10,14000
박종훈,21  P,54.1,2.82,3.69,1.05,2.09,32000
김대유,21  P,50.2,2.13,2.94,0.93,1.93,4000
한현희,21  P,85.2,3.89,3.85,1.35,1.93,29000
김원중,21  P,62.2,3.59,3.79,1.24,1.86,17000
김강률,21  P,51.2,2.09,3.68,1.53,1.81,11000
강재민,21  P,63.1,2.13,3.39,1.22,1.79,7900
임찬규,21  P,90.2,3.87,4.31,1.29,1.79,22000
문승원,21  P,50.1,2.86,3.65,1.19,1.74,25700
브리검,21  P,61.0,2.95,4.45,1.23,1.67,48000
이재학,21  P,83.0,5.2,5.84,1.52,1.65,20000
최원태,21  P,143.1,4.58,4.38,1.51,1.51,29000
송명기,21  P,123.1,5.91,4.52,1.66,1.48,11000
윤대경,21  P,77.2,3.94,4.81,1.38,1.39,7700
구승민,21  P,62.1,4.33,3.86,1.25,1.38,15000
이용찬,21  P,37.0,2.19,2.97,1.03,1.38,10000
엄상백,21  P,52.2,4.1,5.04,1.31,1.34,5000
장지훈,21  P,80.1,3.92,3.96,1.28,1.33,4200
이정용,21  P,69.2,2.97,2.82,1.12,1.31,5000
서진용,21  P,67.1,3.34,4.85,1.49,1.27,17000
이인복,21  P,61.1,4.11,3.81,1.45,1.24,4800
주권,21  P,49.0,3.31,4.66,1.37,1.22,25000
이승진,21  P,48.1,3.91,5.11,1.49,1.19,10000
심재민,21  P,46.2,2.89,3.58,1.11,1.13,6300
홍성민,21  P,41.1,3.92,4.03,1.57,1.07,11000
김태훈,21  P,64.1,3.22,3.47,1.45,1.06,16000
조현우,21  P,31.0,2.61,3.52,1.06,1.05,7500
박시영,21  P,45.0,2.4,3.02,1.0,1.05,6800
라이블리,21  P,33.1,4.05,4.02,1.08,1.02,50000
가빌리오,21  P,81.1,5.86,3.97,1.45,1.01,24600
김태훈,21  P,58.0,4.97,5.55,1.6,0.94,16000
이현승,21  P,23.1,1.93,2.8,0.94,0.94,7000
김민수,21  P,58.0,2.95,3.2,1.38,0.89,4700
진해수,21  P,44.1,2.44,3.5,1.33,0.82,25000
임정호,21  P,34.2,4.15,5.23,1.79,0.82,13000
몽고메리,21  P,52.0,5.37,4.31,1.62,0.79,45000
우규민,21  P,49.0,3.31,3.83,1.37,0.77,20000
김재웅,21  P,53.1,3.54,4.6,1.54,0.76,5200
조상우,21  P,44.0,3.48,3.59,1.11,0.75,33000
이태양,21  P,103.2,5.73,6.1,1.5,0.74,10000
이승헌,21  P,57.2,5.77,5.52,1.87,0.73,4200
주현상,21  P,50.1,3.58,4.78,1.33,0.67,3300
김영규,21  P,63.2,5.37,5.4,1.52,0.67,8300
안영명,21  P,35.1,4.08,3.23,0.99,0.66,7000
박민호,21  P,41.0,3.73,4.61,1.37,0.65,10000
백승현,21  P,16.2,2.16,3.38,1.02,0.64,4000
김상수,21  P,58.1,5.09,5.46,1.73,0.62,25000
이창재,21  P,26.2,2.7,2.92,1.2,0.59,4700
조영우,21  P,66.2,5.67,4.96,1.5,0.57,3300
송은범,21  P,37.1,4.1,4.06,1.26,0.54,27000
이대은,21  P,31.0,3.48,4.73,1.23,0.52,5000
김범수,21  P,70.2,5.22,3.56,1.56,0.50,6500
다카하시,21  P,36.2,4.91,3.28,1.58,0.49,6000
김성민,21  P,46.2,3.28,5.52,1.67,0.47,6000
이승현,21  P,39.1,5.26,3.8,1.47,0.47,15000
르위키,21  P,14.1,3.77,4.29,1.19,0.47,55000
최지광,21  P,51.1,4.91,4.29,1.56,0.46,12000
하재훈,21  P,18.0,4.0,6.59,1.78,0.43,7000
임창민,21  P,40.1,3.79,4.33,1.36,0.43,14000
장민재,21  P,29.1,2.76,5.13,1.43,0.41,10000
최성훈,21  P,40.2,2.43,3.85,1.45,0.39,7200
노성호,21  P,19.0,4.74,4.97,1.26,0.38,7000
전상현,21  P,13.0,3.46,4.57,1.62,0.37,14000
문경찬,21  P,31.0,4.94,6.05,1.45,0.35,11500
박진우,21  P,11.0,1.64,2.73,1.0,0.35,11500
윤정현,21  P,12.1,1.46,3.86,1.3,0.35,3500
송윤준,21  P,12.2,3.55,4.84,1.42,0.30,4000
심창민,21  P,51.1,5.08,5.09,1.54,0.30,28000
한승혁,21  P,23.2,4.56,3.54,1.48,0.29,5000
권휘,21  P,20.1,2.66,4.36,1.48,0.27,3200
김진욱,21  P,45.2,6.31,5.62,1.99,0.26,3900
함덕주,21  P,21.0,4.29,5.12,1.57,0.26,16500
배민서,21  P,40.0,4.95,4.85,1.7,0.26,3100
김건우,21  P,11.0,4.91,6.64,1.82,0.25,3000
최영환,21  P,40.2,6.2,5.2,1.7,0.24,3500
차우찬,21  P,22.1,5.24,5.71,1.3,0.23,30000
김윤식,21  P,66.2,4.46,4.11,1.52,0.22,5000
진명호,21  P,24.1,4.81,4.81,1.4,0.20,7500
박치국,21  P,22.0,4.09,3.99,1.45,0.18,16000
윤명준,21  P,45.2,4.73,4.69,1.6,0.17,15600
김지용,21  P,4.0,0.0,2.19,0.75,0.17,7000
이상민,21  P,24.2,4.74,5.07,1.7,0.15,4000
김대우,21  P,35.1,5.09,5.38,1.58,0.15,15500
채지선,21  P,17.1,3.12,4.75,2.02,0.14,3500
김명신,21  P,67.0,4.3,4.15,1.28,0.13,4500
김민규,21  P,56.1,6.07,5.7,1.63,0.13,5500
박건우,21  P,3.0,0.0,3.33,1.0,0.13,48000
홍정우,21  P,15.2,3.45,4.92,1.15,0.13,4500
정수민,21  P,30.1,6.82,7.07,2.01,0.10,3600
신재웅,21  P,8.1,4.32,2.93,1.32,0.10,5500
류원석,21  P,6.0,6.0,5.6,1.67,0.10,3300
원종현,21  P,53.0,4.25,4.17,1.7,0.09,30000
배성근,21  SS,2.0,0.0,4.07,1.5,0.09,3200
박선우,21  P,2.0,0.0,5.62,0.5,0.08,3300
정진호,21  RF,1.2,0.0,5.63,1.2,0.07,12000
최세창,21  P,1.1,0.0,6.09,1.5,0.06,3100
문동욱,21  P,1.1,0.0,2.34,1.5,0.05,3600
김진영,21  P,18.1,3.93,6.34,1.64,0.05,7900
나균안,21  P,46.1,6.41,4.94,1.86,0.05,4300
윤성빈,21  P,1.0,0.0,6.87,1.0,0.04,3100
김민수,21  3B,1.0,0.0,4.37,1.0,0.04,4700
추재현,21  RF,1.0,0.0,9.97,2.0,0.04,3400
김건국,21  P,22.0,6.55,5.43,1.86,0.03,6000
오윤석,21  2B,0.2,0.0,3.77,0.0,0.03,6000
신재영,21  P,28.1,5.72,3.3,1.31,0.03,14000
전유수,21  P,10.2,3.38,4.52,1.41,0.02,10500
최금강,21  P,28.0,4.5,5.34,1.64,0.02,10000
임현준,21  P,11.0,6.55,5.05,1.64,0.01,10000
이승헌,21  P,5.1,6.75,1.07,1.88,0.01,4200
강동호,21  P,1.1,6.75,6.54,1.5,0.00,3500
스미스,21  P,10.0,6.3,5.26,1.4,0.00,50000
박진태,21  P,65.0,5.95,5.47,1.6,0.00,5000
홍민기,21  P,0.1,27.0,22.37,6.0,0.00,3100
강태율,21  C,0.1,0.0,3.77,6.0,0.00,3200
고효준,21  P,2.1,3.86,2.7,1.29,-0.01,5000
이준영,21  P,35.2,5.55,4.51,1.37,-0.01,6000
문성현,21  P,3.1,5.4,7.1,2.7,-0.01,4500
최정용,21  2B,0.1,0.0,3.77,3.0,-0.01,3800
김강민,21  CF,0.2,13.5,22.52,3.0,-0.01,20000
조요한,21  P,7.0,7.71,6.32,2.71,-0.01,3000
조영건,21  P,1.0,0.0,2.47,3.0,-0.01,3800
황윤호,21  3B,0.2,0.0,3.77,3.0,-0.02,4500
변시원,21  P,0.2,27.0,22.37,6.0,-0.02,4000
양창섭,21  P,15.0,6.6,5.63,1.93,-0.02,5000
김정인,21  P,31.2,7.11,6.32,1.64,-0.02,3200
정영일,21  P,2.0,9.0,9.72,2.0,-0.02,6500
강경학,21  SS,0.2,54.0,17.72,7.5,-0.02,8700
남호,21  P,2.2,10.13,5.38,2.25,-0.03,3300
박관진,21  P,0.2,81.0,22.37,12.0,-0.03,3000
유원상,21  P,13.1,6.08,2.96,1.65,-0.03,8000
김대우,21  P,51.0,6.35,5.05,1.63,-0.03,15500
강지광,21  P,1.0,36.0,13.67,7.0,-0.03,3000
이상규,21  P,6.0,9.0,5.63,1.67,-0.03,4000
최동환,21  P,5.2,9.53,6.17,1.76,-0.03,12000
이용준,21  P,1.2,21.6,9.71,4.2,-0.03,3000
고봉재,21  P,1.1,27.0,12.69,3.75,-0.03,3300
이영하,21  P,78.2,6.29,5.73,1.75,-0.04,19000
황영국,21  P,14.2,5.52,3.54,1.77,-0.06,3300
유재유,21  P,3.1,10.8,14.81,2.7,-0.07,3200
하준호,21  P,12.0,6.75,5.22,1.83,-0.07,6000
차명진,21  P,10.2,7.59,7.54,2.34,-0.07,3300
박세웅,21  P,3.0,9.0,10.2,2.67,-0.07,16500
박주홍,21  P,3.0,12.0,10.57,3.67,-0.08,3300
김윤수,21  P,19.0,6.63,4.67,2.21,-0.08,8000
박소준,21  P,59.2,5.73,4.65,1.64,-0.08,3500
김세현,21  P,4.1,10.38,5.17,3.69,-0.08,8000
소이현,21  P,10.2,6.75,6.03,2.34,-0.08,3100
정성종,21  P,12.0,8.25,7.24,2.25,-0.08,4800
서균,21  P,1.2,10.8,7.49,1.2,-0.08,3700
조병현,21  P,6.2,8.1,5.34,1.8,-0.09,3000
김건태,21  P,6.2,5.4,6.93,1.35,-0.09,8000
이정현,21  P,8.2,9.35,9.39,1.96,-0.09,3300
오동욱,21  P,25.0,5.4,6.5,1.48,-0.09,3300
장웅정,21  P,7.1,9.82,9.74,2.32,-0.10,3300
알칸타라,20  P,198.2,2.54,3.03,1.03,8.98,45000
스트레일리,20  P,194.2,2.5,2.9,1.02,8.18,50000
브룩스,20  P,151.1,2.5,2.72,1.02,7.93,47900
루친스키,20  P,183.0,3.05,3.78,1.26,6.87,100000
요키시,20  P,159.2,2.14,3.24,1.06,6.08,55000
뷰캐넌,20  P,174.2,3.45,4.36,1.27,5.71,60000
켈리,20  P,173.1,3.32,4.07,1.15,5.57,90000
구창모,20  P,93.1,1.74,2.75,0.81,4.89,18000
양현종,20  P,172.1,4.7,3.97,1.42,4.87,230000
가뇽,20  P,159.2,4.34,3.73,1.42,4.68,65000
문승원,20  P,145.2,3.65,4.13,1.24,4.23,25700
최채흥,20  P,146.0,3.58,4.1,1.25,4.22,7500
데스파이네,20  P,207.2,4.33,4.33,1.45,4.12,45000
플렉센,20  P,116.2,3.01,2.58,1.09,3.94,60000
쿠에바스,20  P,158.0,4.1,4.54,1.25,3.49,60000
최원준,20  P,123.0,3.8,4.59,1.37,3.46,7000
배제성,20  P,141.1,3.95,5.29,1.46,3.43,11000
라이트,20  P,157.2,4.68,4.35,1.44,3.37,80000
브리검,20  P,107.0,3.62,3.57,1.31,3.16,80000
김민우,20  P,132.2,4.34,4.83,1.45,3.11,4200
박종훈,20  P,157.1,4.81,4.9,1.42,3.11,29000
정찬헌,20  P,110.1,3.51,4.13,1.33,3.07,13000
임기영,20  P,127.2,5.15,4.06,1.45,2.99,7000
라이블리,20  P,112.0,4.26,4.45,1.22,2.98,50000
임찬규,20  P,147.2,4.08,4.26,1.41,2.83,13500
윌슨,20  P,144.2,4.42,4.19,1.38,2.74,110000
박세웅,20  P,147.1,4.7,4.94,1.52,2.74,11000
노경은,20  P,133.0,4.87,5.2,1.35,2.74,20000
박준표,20  P,51.2,1.57,2.92,0.95,2.55,11000
원태인,20  P,140.0,4.89,5.55,1.56,2.44,8000
이영하,20  P,132.0,4.64,4.82,1.62,2.39,27000
한현희,20  P,135.2,4.98,4.01,1.31,2.33,29000
조상우,20  P,54.1,2.15,2.79,1.25,2.29,20000
서폴드,20  P,165.0,4.91,4.93,1.48,2.19,90000
이승호,20  P,118.2,5.08,5.14,1.45,2.10,8500
장시환,20  P,132.2,5.02,5.09,1.61,2.05,11000
정우영,20  P,75.0,3.12,4.08,1.03,2.03,8000
주권,20  P,70.0,2.7,5.11,1.23,1.91,15000
이건욱,20  P,122.0,5.68,5.41,1.52,1.84,3000
오승환,20  P,47.2,2.64,3.55,1.24,1.81,120000
조현우,20  P,46.2,3.09,4.01,1.29,1.80,3000
전상현,20  P,47.2,2.45,3.07,1.2,1.72,7600
샘슨,20  P,130.0,5.4,4.61,1.56,1.69,50000
최원태,20  P,110.0,5.07,5.42,1.38,1.49,37000
김재윤,20  P,60.2,3.26,3.64,1.27,1.47,12000
박민호,20  P,52.0,2.42,4.43,1.19,1.45,10000
박치국,20  P,71.2,2.89,4.04,1.38,1.45,8000
임정호,20  P,41.0,4.61,4.59,1.27,1.40,9200
유희관,20  P,136.1,5.02,5.15,1.68,1.38,47000
서준원,20  P,107.2,5.18,5.38,1.5,1.31,4600
이승현,20  P,54.1,3.48,5.44,1.29,1.24,10000
구승민,20  P,60.1,3.58,4.45,1.09,1.22,8000
홍성민,20  P,26.0,1.04,4.4,1.0,1.20,10000
핀토,20  P,162.0,6.17,5.58,1.78,1.15,45000
김진성,20  P,47.1,2.66,2.7,1.08,1.08,16000
진해수,20  P,50.0,4.32,3.31,1.54,1.07,25000
홍상삼,20  P,48.0,5.06,5.74,1.79,1.03,4000
정수민,20  P,15.2,1.15,3.23,1.02,1.01,4200
안우진,20  P,36.0,3.0,3.6,1.03,1.00,4800
김원중,20  P,59.1,3.94,4.19,1.26,0.98,10000
이보근,20  P,46.2,2.51,3.99,1.16,0.97,20000
최동환,20  P,57.0,3.47,4.17,1.16,0.95,7000
함덕주,20  P,55.1,3.9,3.06,1.37,0.95,21000
이영준,20  P,40.0,4.73,5.11,1.5,0.93,5500
김대우,20  P,49.1,3.1,3.82,1.5,0.92,11500
김대우,20  P,77.2,5.1,5.46,1.56,0.91,11500
정우람,20  P,54.1,4.8,3.35,1.29,0.86,80000
김민규,20  P,53.1,4.89,3.53,1.29,0.83,2900
김진영,20  P,54.0,3.33,4.16,1.3,0.81,3200
유원상,20  P,64.0,3.8,5.39,1.25,0.78,4000
오현택,20  P,36.0,3.75,5.24,1.25,0.76,6000
최성훈,20  P,33.1,3.51,3.95,1.56,0.73,4700
양현,20  P,60.0,3.3,4.45,1.25,0.72,9000
조영우,20  P,77.0,5.96,5.7,1.57,0.72,3300
차우찬,20  P,64.0,5.34,4.94,1.55,0.70,100000
최지광,20  P,44.1,4.87,4.16,1.47,0.68,8000
채드벨,20  P,77.0,5.96,5.17,1.56,0.66,60000
김건국,20  P,31.2,3.98,3.47,1.23,0.65,5400
김범수,20  P,55.0,5.24,5.92,1.76,0.63,6500
김건태,20  P,35.0,4.89,5.1,1.54,0.62,9000
이민우,20  P,106.0,6.79,5.2,1.66,0.61,4300
이현승,20  P,42.1,5.31,3.76,1.63,0.56,40000
전유수,20  P,45.2,5.12,4.72,1.47,0.55,10000
임현준,20  P,25.1,1.78,4.63,1.22,0.55,11000
이재학,20  P,90.2,6.55,5.79,1.63,0.49,27500
박종기,20  P,26.0,5.54,5.11,1.69,0.45,2900
김선기,20  P,22.0,2.05,4.98,1.14,0.43,4200
김기훈,20  P,52.0,5.37,5.92,1.71,0.42,3500
윤명준,20  P,41.0,4.83,5.0,1.56,0.41,21000
고우석,20  P,41.2,4.1,2.99,1.34,0.40,22000
문경찬,20  P,52.0,5.02,5.41,1.27,0.40,11500
박정수,20  P,33.0,4.64,6.06,1.48,0.39,3000
최성영,20  P,60.2,6.08,7.37,1.68,0.39,9500
이인복,20  P,45.1,3.97,4.18,1.52,0.38,3000
노성호,20  P,36.1,4.46,5.28,1.57,0.38,4000
이태양,20  P,56.0,5.46,4.57,1.5,0.37,14000
김태훈,20  P,62.0,7.4,5.95,1.61,0.37,24000
홍건희,20  P,68.2,4.98,4.42,1.4,0.37,5300
백정현,20  P,59.0,5.19,5.61,1.42,0.36,28000
서진용,20  P,61.0,4.13,5.62,1.41,0.36,20000
이승진,20  P,51.1,5.61,3.51,1.5,0.35,4700
문동욱,20  P,18.0,4.5,7.34,1.61,0.34,3200
김이환,20  P,64.2,6.82,6.37,1.84,0.33,3700
원종현,20  P,57.0,4.26,4.17,1.33,0.31,26000
문성현,20  P,15.0,4.2,4.9,1.6,0.30,4200
김명신,20  P,15.1,3.52,5.95,1.57,0.29,5200
장필준,20  P,36.0,5.75,5.55,1.72,0.25,21500
서균,20  P,7.1,0.0,6.61,1.77,0.25,4500
김영규,20  P,67.2,5.45,4.81,1.43,0.24,6300
이준영,20  P,23.2,5.32,3.88,1.86,0.23,4000
김태훈,20  P,64.0,4.22,3.88,1.44,0.23,24000
김현수,20  P,32.1,7.24,6.79,2.23,0.22,3000
하준호,20  P,41.2,6.05,4.88,1.56,0.21,4500
송은범,20  P,56.0,4.5,4.81,1.52,0.21,27000
양창섭,20  P,6.2,2.7,5.21,1.35,0.18,5000
우규민,20  P,48.0,6.19,3.76,1.46,0.17,70000
김유영,20  P,7.1,4.91,5.25,1.5,0.17,6200
김상수,20  P,51.1,4.73,3.74,1.42,0.17,25000
이상화,20  P,15.0,5.4,6.07,1.4,0.17,4000
김윤수,20  P,58.0,4.66,5.06,1.67,0.16,3700
박희수,20  P,24.2,5.47,4.55,1.54,0.15,12000
박진형,20  P,42.2,5.7,4.18,1.62,0.15,9000
배재환,20  P,43.0,3.98,6.28,1.7,0.14,10500
박상원,20  P,58.0,4.66,4.62,1.41,0.12,11000
강윤구,20  P,21.0,6.86,5.53,2.0,0.09,15500
윤희상,20  P,3.0,3.0,4.4,1.0,0.09,7500
채지선,20  P,33.0,4.91,5.23,1.76,0.08,2800
장민재,20  P,57.1,6.75,4.45,1.73,0.08,11000
손정욱,20  P,12.0,5.25,5.5,1.75,0.08,4600
진명호,20  P,31.1,7.18,4.96,1.63,0.08,12500
손동현,20  P,20.1,5.31,6.97,1.52,0.07,4500
김성훈,20  P,3.0,3.0,5.63,1.67,0.06,7000
고효준,20  P,15.2,5.74,7.29,1.6,0.06,10000
황인준,20  P,4.0,4.5,7.9,2.0,0.06,3700
차재용,20  P,1.0,0.0,4.0,0.0,0.04,2900
이상민,20  P,14.0,6.43,7.51,2.0,0.04,3200
윤성환,20  P,18.2,5.79,5.78,1.61,0.04,40000
서동민,20  P,8.1,5.4,6.24,1.68,0.03,3000
이우찬,20  P,4.2,11.57,10.38,3.43,0.02,7500
강지광,20  P,3.2,4.91,5.36,2.18,0.02,4800
황윤호,20  3B,0.1,0.0,4.0,0.0,0.02,5000
이창재,20  P,8.0,5.63,3.36,1.75,0.02,4200
신정락,20  P,12.0,9.0,5.39,1.83,0.01,12000
장원삼,20  P,34.0,7.68,6.09,1.74,-0.01,3000
신재웅,20  P,19.1,9.31,7.9,2.07,-0.01,11000
배민서,20  P,13.1,7.43,7.51,1.8,-0.01,3000
안현준,20  P,0.1,99.99,22.6,12.0,-0.01,3200
차명진,20  P,0.1,99.99,22.6,9.0,-0.01,3600
박세진,20  P,0.1,99.99,22.6,9.0,-0.01,3300
정대현,20  P,2.2,10.13,5.65,1.88,-0.01,4500
한선태,20  P,1.0,18.0,10.2,5.0,-0.02,3200
노시환,20  3B,1.0,18.0,19.0,1.0,-0.02,3300
조성운,20  P,45.0,5.4,5.35,1.49,-0.02,3000
정인욱,20  P,5.1,8.44,7.73,1.69,-0.02,5000
정용운,20  P,1.2,16.2,1.36,2.4,-0.03,5000
백청훈,20  P,1.1,20.25,12.92,3.0,-0.03,3500
박관진,20  P,0.1,27.0,5.8,6.0,-0.03,2700
남재현,20  P,15.2,4.02,5.85,1.98,-0.04,3100
변시원,20  P,5.0,3.6,5.36,2.2,-0.04,5000
문광은,20  P,4.0,11.25,6.02,2.25,-0.04,7500
김정인,20  P,1.0,54.0,10.8,9.0,-0.04,3200
이대은,20  P,29.1,5.83,5.92,1.67,-0.05,10000
권혁,20  P,7.2,9.39,3.33,1.96,-0.05,19000
박신지,20  P,3.0,18.0,2.53,3.33,-0.05,3100
강동연,20  P,24.0,6.0,5.26,1.58,-0.06,3400
금민철,20  P,2.1,15.43,5.84,3.0,-0.06,15000
김지용,20  P,3.2,14.73,6.2,1.91,-0.06,11000
김대유,20  P,2.1,23.14,5.58,2.57,-0.06,4500
안영명,20  P,45.2,5.91,5.84,1.51,-0.06,35000
최영환,20  P,10.0,6.3,8.25,2.2,-0.06,3400
윤규진,20  P,3.2,7.36,5.36,2.18,-0.07,17000
김대현,20  P,32.1,5.85,6.24,1.86,-0.08,12000
김종수,20  P,50.0,5.94,5.07,1.6,-0.08,3800
이상동,20  P,6.0,9.0,4.3,2.33,-0.08,2900
송승준,20  P,24.2,6.2,4.31,1.78,-0.09,5000
김정후,20  P,3.0,12.0,9.6,3.67,-0.09,3500
이현호,20  P,15.1,6.46,6.88,1.83,-0.09,4500
신재영,20  P,5.0,12.6,10.74,3.4,-0.12,14000
오주원,20  P,18.1,5.4,6.12,1.2,-0.12,20000
류희운,20  P,8.1,10.8,4.81,2.16,-0.12,3500
이용찬,20  P,26.2,8.44,6.41,1.76,-0.13,42000
이원준,20  P,19.1,7.45,5.89,2.28,-0.14,3200
김명찬,20  P,8.2,6.23,8.58,2.88,-0.16,3500
강동호,20  P,11.0,7.36,7.11,1.73,-0.17,5100
박진우,20  P,43.0,5.23,4.57,1.4,-0.17,16000
양현종,19  P,184.2,2.29,2.58,1.07,8.18,230000
김광현,19  P,190.1,2.51,2.91,1.24,7.30,150000
산체스,19  P,165.0,2.62,2.54,1.17,6.64,95000
린드블럼,19  P,194.2,2.5,2.73,1.0,6.32,170000
루친스키,19  P,177.1,3.05,3.98,1.18,5.55,60000
레일리,19  P,181.0,3.88,3.78,1.41,5.16,117000
요키시,19  P,181.1,3.13,3.31,1.13,5.12,50000
채드벨,19  P,177.1,3.5,4.14,1.31,5.06,40000
서폴드,19  P,192.1,3.51,3.53,1.27,4.98,70000
브리검,19  P,158.1,2.96,3.27,1.23,4.72,90000
최원태,19  P,157.1,3.38,3.33,1.28,4.23,27000
박진우,19  P,140.2,3.14,3.99,1.18,4.17,4000
문승원,19  P,144.0,3.88,4.77,1.13,4.16,9000
켈리,19  P,180.1,2.55,3.5,1.14,4.03,60000
윌슨,19  P,185.0,2.92,3.23,1.16,3.70,90000
이영하,19  P,163.1,3.64,4.12,1.28,3.57,10000
유희관,19  P,166.1,3.25,4.26,1.28,3.55,35000
박종훈,19  P,144.0,3.88,4.62,1.5,3.51,32000
고우석,19  P,71.0,1.52,3.16,1.08,3.34,6200
쿠에바스,19  P,184.0,3.62,4.4,1.17,3.30,37000
구창모,19  P,107.0,3.2,3.62,1.18,3.30,12500
다익손,19  P,149.1,4.34,4.0,1.37,3.19,60000
윌랜드,19  P,165.0,4.75,4.14,1.52,3.02,70000
백정현,19  P,157.0,4.24,5.02,1.36,2.99,21000
알칸타라,19  P,172.2,4.01,4.02,1.25,2.98,45000
정우람,19  P,58.1,1.54,3.42,1.25,2.84,80000
프리드릭,19  P,72.0,2.75,3.56,1.18,2.75,15000
이재학,19  P,129.2,3.75,3.85,1.36,2.75,24500
소사,19  P,94.1,3.82,3.98,1.14,2.63,17000
문경찬,19  P,55.0,1.31,2.48,1.0,2.46,5500
후랭코프,19  P,117.1,3.61,3.09,1.19,2.44,110000
서진용,19  P,68.0,2.38,2.6,1.19,2.39,9000
전상현,19  P,60.2,3.12,2.92,1.09,2.30,3300
장시환,19  P,125.1,4.95,4.23,1.64,2.27,8500
윤성환,19  P,145.1,4.77,5.05,1.5,2.15,40000
박준표,19  P,56.0,2.09,3.82,0.86,2.13,6500
배제성,19  P,131.2,3.76,4.01,1.43,2.11,3100
최성영,19  P,82.1,3.94,4.32,1.55,2.07,5800
오주원,19  P,54.1,2.32,2.71,1.12,2.01,15000
진명호,19  P,63.1,3.41,4.16,1.44,2.00,7300
이승호,19  P,122.2,4.48,4.42,1.51,1.88,5000
차우찬,19  P,168.1,4.12,4.28,1.43,1.84,100000
우규민,19  P,59.0,2.75,4.31,1.15,1.73,70000
이용찬,19  P,148.1,4.07,4.34,1.44,1.72,39000
주권,19  P,75.1,2.99,4.01,1.04,1.59,6300
김재윤,19  P,47.2,2.27,3.32,0.82,1.56,10000
맥과이어,19  P,112.1,5.05,4.84,1.65,1.56,95000
양현,19  P,40.2,1.99,3.48,1.03,1.45,6000
라이블리,19  P,57.0,3.95,3.08,1.12,1.45,22500
박시영,19  P,61.2,4.23,3.9,1.26,1.44,5000
김상수,19  P,56.2,3.02,3.38,1.38,1.43,25000
김태훈,19  P,69.2,3.88,3.1,1.26,1.37,18000
조상우,19  P,47.1,2.66,2.79,1.12,1.28,6000
장민재,19  P,119.1,5.43,3.91,1.48,1.21,9000
박세웅,19  P,60.0,4.2,3.76,1.48,1.20,11000
정영일,19  P,42.0,3.21,3.63,1.29,1.20,3000
배재환,19  P,54.1,3.81,3.77,1.47,1.19,4300
톰슨,19  P,62.2,4.74,3.56,1.23,1.17,76000
윤영삼,19  P,62.2,2.87,3.22,1.18,1.17,6000
한현희,19  P,58.0,3.41,3.29,1.21,1.10,32000
이승현,19  P,37.0,1.95,3.36,1.05,1.04,7000
김성민,19  P,56.1,2.56,2.84,1.14,1.04,2700
최원준,19  P,54.1,2.65,3.36,1.25,0.97,10000
김대현,19  P,66.2,3.78,4.06,1.35,0.96,6400
임현준,19  P,42.1,3.4,3.4,1.09,0.93,5500
김건국,19  P,66.2,4.46,4.62,1.5,0.91,3000
최지광,19  P,68.0,4.1,4.22,1.53,0.91,3100
강윤구,19  P,56.1,4.47,4.02,1.4,0.88,8500
박희수,19  P,28.2,1.57,4.73,1.47,0.88,15500
손승락,19  P,52.2,3.93,3.58,1.41,0.88,70000
김민,19  P,150.2,4.96,4.98,1.59,0.85,4000
김건태,19  P,51.1,3.68,4.62,1.27,0.84,5700
임기준,19  P,36.2,3.44,4.19,1.31,0.84,10000
이영준,19  P,33.1,2.97,2.85,1.32,0.82,2900
장필준,19  P,69.2,3.62,4.62,1.39,0.81,17000
버틀러,19  P,73.2,4.76,4.34,1.44,0.77,80000
류제국,19  P,53.1,4.22,5.16,1.56,0.77,10000
윤명준,19  P,68.1,2.63,3.91,1.21,0.74,14500
터너,19  P,153.1,5.46,4.28,1.55,0.73,70000
최채흥,19  P,106.2,4.81,3.89,1.53,0.70,4000
김진영,19  P,26.2,4.05,4.92,1.61,0.68,3000
고효준,19  P,62.1,4.76,3.81,1.51,0.66,9000
헤일리,19  P,87.2,5.75,3.51,1.47,0.64,90000
김원중,19  P,102.1,5.63,4.65,1.7,0.63,10000
김민수,19  P,81.2,4.96,4.73,1.43,0.61,3300
김선기,19  P,28.0,4.18,4.58,1.29,0.61,3000
신재영,19  P,29.1,3.68,3.8,1.47,0.60,14000
이형범,19  P,61.0,2.66,4.69,1.25,0.60,5500
이우찬,19  P,91.0,4.85,5.25,1.58,0.58,3100
김대유,19  P,27.0,2.33,3.84,1.22,0.57,3000
강지광,19  P,27.1,3.95,3.57,1.28,0.56,3000
박민호,19  P,50.1,2.68,4.3,1.25,0.54,4000
신재웅,19  P,21.2,3.32,4.32,1.11,0.53,11000
진해수,19  P,42.0,3.43,3.44,1.43,0.51,18000
박진형,19  P,40.1,4.02,3.87,1.26,0.50,7000
김범수,19  P,103.0,5.68,5.62,1.71,0.47,5800
김동준,19  P,70.0,4.5,3.89,1.43,0.45,5600
안우진,19  P,88.1,5.2,3.99,1.51,0.44,3200
안영명,19  P,62.0,3.92,3.63,1.53,0.43,35000
임기영,19  P,48.2,5.73,4.96,1.77,0.34,10000
임준섭,19  P,49.1,4.2,4.56,1.7,0.31,8800
함덕주,19  P,54.2,3.46,4.85,1.34,0.30,26000
하준호,19  P,8.0,1.13,3.41,1.0,0.28,4000
권혁,19  P,36.2,4.91,4.11,1.17,0.25,20000
김승회,19  P,58.2,3.07,3.0,1.24,0.24,10000
임정호,19  P,4.2,3.86,1.92,1.07,0.23,9200
박진태,19  P,8.1,4.32,5.66,1.92,0.22,6000
문광은,19  P,33.0,4.09,4.24,1.45,0.21,6000
김현수,19  P,6.1,1.42,2.72,0.63,0.21,130000
이동현,19  P,5.0,0.0,1.31,1.2,0.20,10000
이현승,19  P,6.0,3.0,2.14,0.67,0.19,40000
김시현,19  P,16.1,4.41,6.17,1.47,0.18,3300
박상원,19  P,59.0,3.97,4.85,1.36,0.17,9000
임창민,19  P,15.0,2.4,4.59,1.47,0.17,25000
전유수,19  P,66.1,3.39,3.37,1.27,0.15,6000
임찬규,19  P,88.2,4.97,4.97,1.47,0.14,17500
조무근,19  P,9.2,1.86,5.08,1.14,0.14,3500
원종현,19  P,60.0,3.9,3.13,1.32,0.13,20000
황인준,19  P,11.1,6.35,4.85,1.68,0.11,5700
권오준,19  P,43.0,5.23,5.24,1.42,0.11,15000
김대우,19  P,59.2,5.13,5.42,1.29,0.11,12000
김윤동,19  P,11.0,6.55,4.7,2.09,0.09,18000
여건욱,19  P,29.2,3.94,3.53,1.45,0.09,5300
조현우,19  P,7.2,3.52,3.3,1.43,0.09,2800
홍건희,19  P,81.2,7.16,5.33,1.78,0.09,5800
정인욱,19  P,21.2,7.06,5.06,1.8,0.07,6700
송창현,19  P,12.2,6.39,7.56,1.5,0.07,3300
송승준,19  P,14.1,4.4,4.5,1.53,0.07,40000
정성종,19  P,49.2,5.44,5.66,1.77,0.07,3700
금민철,19  P,57.0,5.05,5.45,1.6,0.07,15000
김주한,19  P,12.0,5.25,3.79,1.58,0.06,6000
김종수,19  P,31.0,5.81,6.49,2.03,0.05,3000
홍성민,19  P,12.2,4.26,2.67,1.34,0.05,13000
강백호,19  RF,1.0,0.0,6.91,1.0,0.05,12000
김진욱,19  P,1.0,0.0,10.01,1.0,0.04,3000
김정후,19  P,1.2,0.0,4.17,1.2,0.03,3500
이종혁,19  P,5.1,1.69,4.26,1.69,0.02,4400
이민우,19  P,61.1,5.43,3.82,1.63,0.02,4000
장원준,19  P,2.0,9.0,8.76,4.0,0.01,60000
이현호,19  P,40.1,5.13,4.28,1.74,0.01,4900
김성훈,19  P,22.1,4.84,4.72,1.75,0.01,7000
홍상삼,19  P,5.2,4.76,6.44,1.59,0.00,7000
배재준,19  P,62.0,5.23,4.66,1.52,0.00,4500
박신지,19  P,0.0,99.99,6203.81,99.99,-0.01,3300
윤정현,19  P,2.0,9.0,4.41,2.0,-0.01,2700
최영환,19  P,19.2,6.41,3.45,1.53,-0.01,3000
최대성,19  P,0.0,99.99,6203.81,99.99,-0.01,3500
최건,19  P,1.0,0.0,10.01,2.0,-0.02,2800
조덕길,19  P,5.0,7.2,3.55,2.2,-0.02,3000
윤성빈,19  P,0.1,81.0,31.71,9.0,-0.02,4200
민태호,19  P,5.1,11.81,3.81,2.44,-0.03,3600
송창식,19  P,0.1,54.0,-3.69,9.0,-0.03,20000
조영건,19  P,0.1,81.0,24.21,18.0,-0.03,2700
박근홍,19  P,17.2,6.11,8.6,1.87,-0.03,5000
김택형,19  P,23.1,5.79,4.88,1.89,-0.03,4000
윤규진,19  P,4.1,10.38,3.95,1.62,-0.05,20000
정재원,19  P,2.2,16.88,8.5,2.25,-0.07,4000
박주성,19  P,4.0,13.5,10.81,3.25,-0.08,2700
채병용,19  P,3.2,9.82,8.39,2.73,-0.08,18000
정찬헌,19  P,11.0,1.64,3.0,1.55,-0.08,17000
노성호,19  P,3.2,12.27,7.22,2.45,-0.09,4000
윤지웅,19  P,12.2,4.97,6.08,1.42,-0.09,5800
이원준,19  P,2.1,19.29,12.08,3.0,-0.09,3000
서균,19  P,4.1,14.54,4.23,3.0,-0.09,5500
유승철,19  P,4.0,11.25,9.73,1.5,-0.09,6000
장지훈,19  P,14.1,6.28,4.31,2.3,-0.09,2800
강동연,19  P,5.0,5.4,7.07,1.6,-0.09,3400
홍정우,19  P,5.1,10.13,10.24,2.63,-0.09,2800
이민호,19  P,9.2,6.52,5.98,2.38,-0.10,18800
김태오,19  P,3.0,6.0,7.94,3.33,-0.10,3300
김경태,19  P,11.0,4.09,3.79,2.0,-0.10,3700
이우석,19  P,5.1,10.13,4.84,2.25,-0.11,2800
심수창,19  P,11.2,6.17,4.12,2.06,-0.11,5000
오현택,19  P,12.2,4.97,8.36,1.34,-0.12,15000
백청훈,19  P,4.0,6.75,2.08,2.0,-0.12,3000
양기현,19  P,5.1,15.19,2.98,2.44,-0.12,2700
김승현,19  P,12.2,6.39,5.47,1.58,-0.13,5500
김진성,19  P,42.0,4.29,4.61,1.29,-0.14,23000
임지섭,19  P,6.2,2.7,4.62,1.95,-0.14,3500
류희운,19  P,2.1,23.14,5.4,4.29,-0.14,4500
홍성무,19  P,14.1,6.28,7.15,1.88,-0.15,3000
박정수,19  P,5.0,12.6,5.91,2.8,-0.15,3300
조근종,19  P,10.2,5.91,5.26,1.88,-0.16,3000
장원삼,19  P,14.2,7.98,6.11,1.57,-0.18,5000
최동환,19  P,23.0,6.26,6.22,1.52,-0.19,7800
유원상,19  P,20.2,5.23,4.77,1.45,-0.20,6000
배영수,19  P,45.1,4.57,5.13,1.35,-0.26,10000
장현식,19  P,54.2,4.61,5.06,1.48,-0.26,8200
박정배,19  P,19.2,10.07,5.72,1.58,-0.26,14000
김세현,19  P,8.2,6.23,5.94,2.31,-0.27,29000
김재영,19  P,8.1,12.96,5.9,2.04,-0.28,7100
정수민,19  P,9.1,16.39,7.67,2.89,-0.28,4200
윤길현,19  P,5.0,10.8,9.17,4.2,-0.29,50000
신정락,19  P,44.2,5.84,5.32,1.54,-0.30,12000
이승진,19  P,19.0,8.05,5.97,1.74,-0.31,6700
이보근,19  P,16.2,9.72,3.47,1.98,-0.33,20000
이태양,19  P,66.2,5.81,3.58,1.31,-0.44,15000
김민우,19  P,68.0,6.75,4.81,1.62,-0.46,4700
박주홍,19  P,38.1,7.98,6.63,1.96,-0.48,3500
윌슨,18  P,170.0,3.07,3.66,1.14,6.89,80000
브리검,18  P,199.0,3.84,4.36,1.2,6.31,65000
김광현,18  P,136.0,2.98,4.09,1.14,6.22,140000
소사,18  P,181.1,3.52,3.43,1.21,6.02,120000
린드블럼,18  P,168.2,2.88,3.99,1.07,5.99,135000
양현종,18  P,184.1,4.15,4.4,1.31,5.84,230000
니퍼트,18  P,175.2,4.25,4.59,1.41,5.29,50000
켈리,18  P,158.1,4.09,4.33,1.26,5.23,140000
박종훈,18  P,159.1,4.18,4.89,1.33,5.09,20000
아델만,18  P,171.0,5.05,4.91,1.5,4.34,95000
피어밴드,18  P,163.1,4.3,4.7,1.37,4.22,85000
최원태,18  P,134.1,3.95,4.24,1.33,4.15,15000
이용찬,18  P,144.0,3.63,4.68,1.3,4.09,23500
후랭코프,18  P,149.1,3.74,4.66,1.16,3.99,70000
레일리,18  P,178.1,4.74,4.69,1.31,3.96,111000
노경은,18  P,132.1,4.08,5.06,1.19,3.95,10000
보니야,18  P,168.0,5.3,5.11,1.52,3.83,70000
문승원,18  P,150.2,4.6,5.06,1.44,3.61,9000
헥터,18  P,174.0,4.6,4.78,1.41,3.58,170000
백정현,18  P,125.2,4.58,5.04,1.42,3.50,15500
이재학,18  P,152.1,4.79,4.64,1.35,3.46,19000
최충연,18  P,85.0,3.6,3.2,1.16,3.39,4500
산체스,18  P,145.1,4.89,5.3,1.38,3.18,85000
한현희,18  P,169.0,4.79,5.61,1.52,3.16,23000
샘슨,18  P,161.2,4.68,4.19,1.38,3.04,40000
왕웨이중,18  P,141.2,4.26,4.68,1.48,3.00,50000
듀브론트,18  P,137.1,4.92,5.05,1.63,2.92,90000
베렛,18  P,155.0,5.28,5.23,1.53,2.83,10000
김태훈,18  P,94.0,3.83,4.04,1.32,2.81,4000
고영표,18  P,142.0,5.13,4.26,1.41,2.70,11500
금민철,18  P,156.1,5.41,6.0,1.79,2.69,8000
손승락,18  P,57.2,3.9,2.92,1.27,2.27,70000
로저스,18  P,83.0,3.8,4.18,1.27,2.25,125000
구창모,18  P,133.0,5.35,5.42,1.58,2.07,9000
송은범,18  P,79.1,2.5,4.21,1.39,2.04,45000
박상원,18  P,60.0,2.1,3.65,1.33,1.96,3100
김윤동,18  P,82.2,3.7,5.17,1.51,1.95,15000
장필준,18  P,66.1,4.34,4.04,1.36,1.91,14000
함덕주,18  P,67.0,2.96,4.02,1.42,1.90,16000
이태양,18  P,79.1,2.84,4.18,1.12,1.88,7300
심창민,18  P,66.1,4.07,5.34,1.19,1.76,23000
우규민,18  P,58.2,4.3,4.36,1.4,1.70,70000
신재웅,18  P,52.0,2.77,5.15,1.48,1.68,11000
휠러,18  P,101.2,5.13,4.78,1.59,1.68,47500
차우찬,18  P,170.0,6.09,5.84,1.51,1.67,100000
김재영,18  P,111.1,5.66,6.06,1.55,1.64,5300
헤일,18  P,66.1,4.34,4.69,1.28,1.63,50000
팻딘,18  P,129.1,6.26,5.21,1.55,1.53,70000
임찬규,18  P,146.2,5.77,5.33,1.65,1.41,11500
한승혁,18  P,88.0,5.83,5.27,1.69,1.39,6500
정우람,18  P,53.0,3.4,3.81,1.15,1.31,120000
해커,18  P,79.2,5.2,6.34,1.46,1.30,20000
임창용,18  P,86.1,5.42,5.56,1.4,1.27,50000
구승민,18  P,73.2,3.67,5.04,1.26,1.22,3400
임기영,18  P,105.0,6.26,6.29,1.7,1.21,13000
임기준,18  P,56.0,3.54,5.26,1.46,1.19,6000
오현택,18  P,64.2,3.76,4.65,1.21,1.17,6000
김원중,18  P,145.1,6.94,6.14,1.72,1.11,6300
박치국,18  P,67.0,3.63,3.97,1.42,1.06,3400
윤성환,18  P,117.1,6.98,6.37,1.67,1.01,80000
이영하,18  P,122.2,5.28,5.56,1.58,0.94,4200
김재윤,18  P,61.0,4.57,4.4,1.49,0.92,11000
윤희상,18  P,51.0,5.12,4.6,1.22,0.87,13000
진명호,18  P,61.2,4.38,5.22,1.61,0.87,3300
박희수,18  P,33.0,3.27,4.13,1.52,0.85,18500
정성곤,18  P,24.1,2.96,4.85,1.4,0.84,4700
김강률,18  P,76.0,4.62,3.84,1.26,0.80,15000
송승준,18  P,79.0,6.15,4.93,1.62,0.75,40000
임현준,18  P,27.2,3.9,5.08,1.12,0.71,3500
장민재,18  P,59.2,4.68,5.23,1.42,0.71,7100
권오준,18  P,43.1,3.95,4.34,1.27,0.70,15000
김성훈,18  P,27.2,3.58,4.25,1.3,0.70,4700
최성영,18  P,64.1,5.88,5.56,1.41,0.67,2900
윤규진,18  P,84.0,5.89,5.25,1.54,0.65,21000
이보근,18  P,61.0,4.28,4.17,1.31,0.62,14000
윤길현,18  P,33.0,4.64,5.0,1.45,0.62,50000
장원삼,18  P,38.0,6.16,4.97,1.58,0.61,20000
양현,18  P,32.2,3.58,5.6,1.35,0.55,3000
류희운,18  P,44.0,4.91,6.86,1.52,0.53,4000
최동환,18  P,37.0,4.62,5.56,1.19,0.53,6500
김승회,18  P,54.2,3.46,5.69,1.41,0.51,10000
심재민,18  P,41.0,4.61,4.96,1.56,0.50,8000
정수민,18  P,58.0,6.05,6.68,1.76,0.46,4200
안영명,18  P,66.0,5.73,5.54,1.48,0.43,35000
정인욱,18  P,31.0,3.48,4.52,1.29,0.42,5700
김민우,18  P,99.1,6.52,6.32,1.75,0.41,3600
배재환,18  P,36.0,4.5,6.12,1.72,0.41,3000
홍성용,18  P,45.0,5.4,5.31,1.44,0.41,6800
김사율,18  P,45.1,5.76,6.39,1.46,0.41,15000
신재영,18  P,101.1,6.75,7.6,1.54,0.40,14000
박진우,18  P,19.2,3.66,4.75,1.17,0.39,3200
이형범,18  P,54.0,5.17,5.75,1.59,0.35,3500
채병용,18  P,30.0,4.8,7.2,1.37,0.33,30000
배영수,18  P,55.2,6.63,4.69,1.51,0.30,50000
서진용,18  P,50.0,6.12,6.21,1.5,0.30,6000
신정락,18  P,50.2,5.86,4.17,1.5,0.30,10500
김건태,18  P,53.0,5.43,5.89,1.58,0.29,4500
김승현,18  P,32.1,4.45,5.13,1.95,0.29,4000
김상수,18  P,55.2,5.17,4.55,1.37,0.28,24000
이명우,18  P,44.0,5.32,3.76,1.55,0.27,10500
원종현,18  P,64.1,5.18,5.35,1.55,0.27,18500
엄상백,18  P,46.1,5.44,4.47,1.47,0.26,7600
오주원,18  P,52.1,6.19,5.16,1.41,0.25,15000
최성훈,18  P,16.2,3.78,6.78,1.56,0.25,6000
김동준,18  P,47.2,6.04,6.39,1.66,0.24,4900
이상민,18  P,4.2,0.0,3.94,0.86,0.24,4200
전유수,18  P,18.0,5.5,5.97,1.61,0.22,8500
김범수,18  P,48.1,5.77,5.2,1.68,0.22,3600
김정후,18  P,17.1,3.63,7.0,1.38,0.20,3500
윤영삼,18  P,29.2,4.85,3.29,1.31,0.18,4500
배민관,18  P,11.0,1.64,3.54,1.18,0.18,3200
장시환,18  P,36.2,4.66,4.83,1.58,0.18,8500
고우석,18  P,67.0,5.91,6.42,1.58,0.17,4000
이종혁,18  P,48.1,4.66,4.75,1.61,0.16,3200
전인환,18  P,5.2,4.76,4.22,1.76,0.16,3500
김택형,18  P,11.2,7.71,5.67,1.63,0.16,4000
박준표,18  P,2.0,0.0,4.95,1.0,0.15,6500
정용운,18  P,10.0,6.3,6.77,1.8,0.14,7500
임준섭,18  P,8.1,4.32,6.58,1.68,0.13,8500
이상화,18  P,10.1,2.61,2.76,1.06,0.12,10000
배우열,18  P,5.2,1.59,2.02,1.76,0.12,4700
이현호,18  P,28.0,6.11,5.54,1.79,0.12,5200
정영일,18  P,44.0,5.32,6.13,1.57,0.11,3000
홍상삼,18  P,14.2,4.3,5.9,1.7,0.11,9000
여건욱,18  P,22.2,4.76,4.86,1.54,0.11,4000
이현승,18  P,30.2,4.99,5.6,1.73,0.11,40000
남윤성,18  P,8.2,5.19,6.29,1.85,0.11,2800
한기주,18  P,39.0,6.69,6.22,1.69,0.10,6000
김대우,18  P,36.1,7.93,7.4,1.95,0.10,12000
송창식,18  P,12.2,4.97,5.87,1.5,0.08,24000
권혁,18  P,11.0,4.91,5.14,1.18,0.06,45000
배장호,18  P,24.1,5.92,5.75,1.6,0.06,13000
고창성,18  P,37.2,6.69,6.27,1.81,0.05,5000
임정우,18  P,0.2,0.0,9.9,4.5,0.05,14000
문성현,18  P,1.0,0.0,4.95,2.0,0.04,8800
배제성,18  P,4.0,0.0,3.87,1.0,0.04,3000
심규범,18  P,0.2,0.0,4.35,1.5,0.03,3000
김진영,18  P,11.1,7.94,4.51,1.5,0.03,3000
유재유,18  P,6.1,7.11,7.19,2.21,0.02,3200
이우석,18  P,0.1,0.0,6.15,3.0,0.02,2800
김민수,18  P,1.0,9.0,4.95,2.0,0.01,3300
강승현,18  P,1.2,5.4,8.49,1.8,0.00,3700
임준혁,18  P,7.1,7.36,4.93,2.05,0.00,9500
손주영,18  P,11.2,8.49,7.1,2.31,0.00,3000
고효준,18  P,32.1,6.96,4.64,1.73,0.00,10000
김성민,18  P,48.0,6.19,4.91,1.71,-0.01,5500
조무근,18  P,0.2,13.5,14.55,4.5,-0.01,5700
홍성민,18  P,3.2,12.27,6.39,1.91,-0.02,13000
황수범,18  P,2.1,11.57,10.18,3.86,-0.02,3800
박경태,18  P,6.1,5.68,3.45,1.42,-0.02,4000
안성무,18  P,2.1,11.57,10.52,1.71,-0.03,3500
김정인,18  P,7.1,8.59,6.3,2.32,-0.03,3200
박민호,18  P,2.1,15.43,12.1,2.14,-0.03,4000
김대우,18  P,3.1,13.5,10.92,2.7,-0.03,12000
이우찬,18  P,0.2,54.0,22.95,9.0,-0.04,3000
이동걸,18  P,2.0,18.0,7.8,2.5,-0.05,5400
윤석민,18  P,40.0,6.75,5.83,1.63,-0.05,125000
윤지웅,18  P,6.1,4.26,5.7,1.89,-0.05,5800
김기태,18  P,1.2,27.0,24.63,2.4,-0.05,4500
박정배,18  P,44.2,5.84,5.18,1.41,-0.05,14000
심동섭,18  P,5.2,6.35,3.78,1.76,-0.05,13000
김시현,18  P,5.0,12.6,9.09,2.4,-0.05,3300
민태호,18  P,9.2,5.59,6.15,1.55,-0.06,4000
김용주,18  P,2.0,18.0,10.9,3.5,-0.06,3300
김세현,18  P,40.0,6.75,4.85,1.83,-0.06,29000
김경태,18  P,2.2,16.88,17.21,3.38,-0.07,4000
강윤구,18  P,54.2,6.09,5.08,1.46,-0.07,8500
박근홍,18  P,23.0,7.43,5.39,1.74,-0.08,8000
강지광,18  P,3.0,21.0,9.95,4.0,-0.09,3000
최지광,18  P,8.2,11.42,4.83,2.08,-0.09,3100
이영준,18  P,2.0,22.5,6.5,4.5,-0.09,2900
허준혁,18  P,1.2,27.0,8.43,4.2,-0.10,8500
노성호,18  P,32.2,7.16,6.53,1.96,-0.10,4500
조정훈,18  P,4.1,16.62,5.75,2.31,-0.11,6100
김대현,18  P,105.0,7.54,6.21,1.84,-0.15,7000
이승현,18  P,17.0,7.94,6.73,1.76,-0.15,7000
강동연,18  P,11.2,5.4,6.64,1.29,-0.16,2800
백인식,18  P,14.1,9.42,7.82,1.81,-0.17,4000
유희관,18  P,141.0,6.7,5.86,1.7,-0.18,50000
진해수,18  P,43.2,7.21,5.2,1.74,-0.18,19000
이민우,18  P,37.2,7.17,6.06,1.99,-0.18,3500
조상우,18  P,19.0,3.79,3.25,1.16,-0.18,12000
변진수,18  P,10.2,10.13,6.45,1.69,-0.19,6000
김주한,18  P,6.0,13.5,9.33,2.5,-0.19,9000
임창민,18  P,7.0,6.43,4.98,1.43,-0.19,25000
박정수,18  P,13.1,11.48,4.99,1.65,-0.19,3300
하영민,18  P,16.1,7.71,6.52,2.27,-0.19,5500
정재원,18  P,2.1,30.86,5.68,3.86,-0.20,4000
박진형,18  P,13.0,6.23,5.29,2.38,-0.21,10500
최금강,18  P,37.1,8.44,7.68,1.96,-0.21,12500
윤근영,18  P,16.2,9.72,5.8,2.16,-0.22,4200
홍건희,18  P,16.2,10.26,6.56,2.34,-0.23,8000
임지섭,18  P,4.2,25.07,14.5,3.86,-0.23,3700
장현식,18  P,26.2,7.43,7.2,1.8,-0.23,10200
최대성,18  P,10.0,11.7,7.59,2.3,-0.25,3500
박시영,18  P,26.1,8.54,7.02,1.86,-0.26,6300
문광은,18  P,6.2,12.15,10.15,2.4,-0.26,6000
최원준,18  P,9.1,10.61,7.22,2.36,-0.28,7500
이민호,18  P,50.0,4.68,5.45,1.42,-0.28,18800
유원상,18  P,47.1,6.46,5.39,1.69,-0.29,6000
심수창,18  P,2.1,15.43,12.4,3.0,-0.31,20000
정찬헌,18  P,65.0,4.85,4.77,1.54,-0.33,9500
박세웅,18  P,49.0,9.92,6.82,2.29,-0.33,25000
헥터,17  P,201.2,3.48,4.35,1.32,7.32,170000
양현종,17  P,193.1,3.44,3.93,1.31,6.15,150000
피어밴드,17  P,160.0,3.04,4.37,1.15,6.09,35000
윤성환,17  P,174.1,4.28,4.77,1.25,5.84,80000
장원준,17  P,180.1,3.14,4.38,1.24,5.68,100000
레일리,17  P,187.1,3.8,4.34,1.3,5.61,85000
켈리,17  P,190.0,3.6,3.6,1.31,5.54,85000
박세웅,17  P,171.1,3.68,5.13,1.32,5.49,10000
해커,17  P,160.1,3.42,4.56,1.17,5.21,60000
허프,17  P,124.2,2.38,3.31,0.91,5.02,100000
소사,17  P,185.1,3.88,3.53,1.22,4.99,50000
차우찬,17  P,175.2,3.43,4.12,1.19,4.97,100000
팻딘,17  P,176.0,4.14,4.61,1.42,4.94,70000
최원태,17  P,149.1,4.46,4.57,1.31,4.33,4500
밴헤켄,17  P,138.1,3.77,3.8,1.32,4.26,90000
니퍼트,17  P,179.2,4.06,4.79,1.4,4.15,210000
박종훈,17  P,151.1,4.1,5.44,1.36,4.01,10000
브리검,17  P,144.0,4.38,4.75,1.33,3.79,25000
고영표,17  P,141.2,5.08,3.75,1.31,3.78,5200
로치,17  P,165.0,4.69,5.38,1.58,3.61,65000
다이아몬드,17  P,134.1,4.42,5.1,1.47,3.43,60000
함덕주,17  P,137.1,3.67,3.88,1.4,3.41,7000
유희관,17  P,188.2,4.53,4.9,1.43,3.41,50000
백정현,17  P,100.2,4.38,4.47,1.45,3.28,10000
맨쉽,17  P,112.2,3.67,4.14,1.29,3.08,160000
송승준,17  P,130.1,4.21,4.84,1.33,3.08,40000
신재영,17  P,125.0,4.54,5.03,1.3,2.69,11000
린드블럼,17  P,72.2,3.72,4.08,1.16,2.55,47500
비야누에바,17  P,112.0,4.18,4.74,1.17,2.55,100000
문승원,17  P,155.1,5.33,6.03,1.51,2.48,4400
임찬규,17  P,124.1,4.63,4.78,1.43,2.46,6500
오간도,17  P,110.0,3.93,4.55,1.32,2.41,130000
손승락,17  P,62.0,2.18,3.55,1.13,2.20,70000
윤규진,17  P,119.0,5.22,5.4,1.53,1.89,18000
심창민,17  P,75.1,4.18,4.58,1.31,1.89,21000
페트릭,17  P,134.0,6.18,5.5,1.69,1.86,45000
김원중,17  P,107.1,5.7,5.53,1.73,1.75,3000
배영수,17  P,128.0,5.06,5.12,1.44,1.70,55000
김진성,17  P,89.2,3.61,4.13,1.1,1.69,18000
우규민,17  P,133.0,5.21,4.94,1.38,1.63,70000
한현희,17  P,106.2,4.47,4.9,1.14,1.62,25000
보우덴,17  P,87.1,4.64,6.35,1.47,1.53,110000
임창민,17  P,66.0,3.68,4.79,1.26,1.52,22500
김강률,17  P,89.0,3.44,4.18,1.36,1.52,6200
장현식,17  P,134.1,5.29,5.21,1.53,1.51,6400
박진형,17  P,88.0,5.11,4.35,1.53,1.50,6000
김성민,17  P,87.2,4.93,5.43,1.64,1.49,2700
정우람,17  P,59.0,2.75,3.01,1.12,1.48,120000
김윤동,17  P,80.1,4.59,5.56,1.46,1.45,4700
김상수,17  P,61.1,3.82,4.39,1.32,1.44,31000
이상화,17  P,66.0,3.95,3.61,1.27,1.43,4500
엄상백,17  P,52.0,4.15,4.57,1.35,1.36,5300
장필준,17  P,67.1,4.68,3.47,1.6,1.27,6500
류제국,17  P,131.1,5.35,4.82,1.48,1.24,35000
윤희상,17  P,120.0,6.0,5.2,1.52,1.17,15000
박정배,17  P,68.0,3.57,5.39,1.34,1.13,8000
김대현,17  P,94.0,5.36,5.74,1.35,1.11,3000
임창용,17  P,50.0,3.78,3.57,1.46,1.04,50000
오주원,17  P,73.2,4.76,4.59,1.51,0.98,12000
원종현,17  P,80.0,4.39,3.61,1.31,0.97,14000
서진용,17  P,46.0,3.91,3.8,1.43,0.95,4000
고효준,17  P,40.0,4.27,4.41,1.65,0.93,8000
구창모,17  P,115.0,5.32,4.99,1.63,0.90,5700
김재영,17  P,85.1,4.54,5.09,1.41,0.82,3000
김재윤,17  P,37.1,5.79,3.28,1.39,0.81,9000
임기준,17  P,22.0,3.27,5.5,1.82,0.78,3700
진해수,17  P,52.2,3.93,4.23,1.27,0.77,11000
신재웅,17  P,31.0,3.19,4.52,1.23,0.77,12000
장시환,17  P,51.1,4.38,4.81,1.54,0.75,6500
조상우,17  P,44.1,4.87,3.59,1.53,0.74,15000
장원삼,17  P,67.1,5.61,4.59,1.68,0.73,75000
하영민,17  P,45.1,4.76,6.3,1.74,0.71,6000
백인식,17  P,18.2,2.41,4.36,1.07,0.69,3500
이용찬,17  P,71.2,4.4,4.35,1.53,0.69,18000
권오준,17  P,56.0,5.14,5.09,1.27,0.67,10500
김유영,17  P,48.2,4.44,5.04,1.58,0.66,3400
이민호,17  P,88.2,4.06,4.35,1.33,0.65,16000
배장호,17  P,66.1,4.34,5.12,1.34,0.56,5400
심재민,17  P,74.2,5.18,5.02,1.57,0.53,5700
주권,17  P,81.2,6.61,6.36,1.62,0.53,7500
김경태,17  P,12.2,1.42,3.54,1.66,0.51,3200
심동섭,17  P,50.2,5.68,4.19,1.68,0.51,11000
조정훈,17  P,23.0,3.91,3.62,1.3,0.48,7000
임정우,17  P,16.2,2.7,3.67,1.2,0.48,22000
이동걸,17  P,36.2,4.17,5.01,1.12,0.47,5000
이재학,17  P,119.0,5.67,5.36,1.54,0.44,20000
안영명,17  P,87.2,5.75,5.16,1.72,0.42,20000
윤근영,17  P,18.0,3.5,6.18,1.56,0.41,4000
김승회,17  P,69.0,4.96,4.7,1.49,0.41,10000
박정진,17  P,48.0,3.94,4.78,1.29,0.39,33000
윤지웅,17  P,35.0,3.86,5.06,1.4,0.37,9500
이현승,17  P,52.0,3.98,4.37,1.5,0.37,40000
이보근,17  P,52.2,5.47,4.49,1.5,0.36,15000
애디튼,17  P,70.0,5.91,4.58,1.57,0.35,50000
임정호,17  P,30.1,4.45,4.3,1.45,0.35,8700
정재원,17  P,21.0,3.43,5.5,1.62,0.29,4000
금민철,17  P,54.0,6.33,4.99,2.11,0.29,7300
김승현,17  P,43.2,5.77,6.84,1.95,0.25,2900
강윤구,17  P,54.2,4.45,6.4,1.48,0.24,8000
임준혁,17  P,45.1,4.57,5.52,1.83,0.23,10000
류희운,17  P,81.0,7.67,7.58,1.88,0.22,3000
김사율,17  P,34.2,7.27,5.39,1.7,0.21,20000
홍성용,17  P,39.0,6.23,6.44,1.56,0.21,6300
진명호,17  P,5.0,0.0,3.81,1.2,0.20,3000
김동호,17  P,36.0,6.75,5.75,2.03,0.20,5000
김명찬,17  P,5.0,3.6,4.45,1.4,0.17,3200
정인욱,17  P,32.0,9.84,7.19,1.88,0.15,7200
양훈,17  P,16.1,7.16,5.5,1.78,0.13,9500
김정인,17  P,13.2,5.93,2.96,1.68,0.13,3000
정성곤,17  P,107.2,8.11,6.1,1.78,0.12,3300
정대현,17  P,66.1,7.06,6.74,1.72,0.11,12000
이영준,17  P,8.1,5.4,5.24,1.68,0.11,2700
윤영삼,17  P,49.2,5.62,4.87,1.69,0.10,2900
신승현,17  P,3.2,0.0,4.37,0.27,0.10,10000
차재용,17  P,2.1,0.0,2.06,0.43,0.09,2800
임현준,17  P,10.2,5.06,5.01,1.41,0.09,3200
이승현,17  P,31.2,5.12,7.87,1.83,0.09,6200
강장산,17  P,26.1,5.47,6.28,1.59,0.09,3000
이동현,17  P,50.2,4.8,3.71,1.22,0.08,60000
유재유,17  P,5.0,3.6,6.19,2.0,0.07,3000
김주한,17  P,69.2,5.94,5.86,1.64,0.07,5700
최성훈,17  P,22.0,4.09,5.58,1.64,0.06,4500
이정민,17  P,26.2,5.4,6.69,1.54,0.06,15000
성영훈,17  P,1.0,0.0,7.31,1.0,0.05,2700
안성무,17  P,11.2,7.71,7.46,2.06,0.05,2800
손동욱,17  P,1.0,0.0,4.81,1.0,0.04,2800
김세현,17  P,50.0,5.4,3.8,1.6,0.04,16000
고봉재,17  P,1.0,0.0,7.31,3.0,0.04,4400
여건욱,17  P,3.1,0.0,3.82,2.1,0.04,4000
최충연,17  P,84.0,7.61,5.77,1.88,0.04,3000
레나도,17  P,49.0,6.8,7.54,1.98,0.04,105000
박종윤,17  P,4.0,6.75,6.06,2.0,0.02,9100
박세진,17  P,11.1,9.53,4.63,1.94,0.01,3000
강영식,17  P,2.1,3.86,3.39,2.14,0.01,30000
송은범,17  P,37.1,6.51,6.64,1.82,0.00,45000
이용호,17  P,0.1,27.0,22.81,12.0,-0.01,2800
이태양,17  P,59.0,7.17,6.87,1.78,-0.01,8300
이명우,17  P,26.2,5.74,5.19,1.54,-0.01,11000
민태호,17  P,8.2,6.23,5.35,1.5,-0.02,3300
임진우,17  P,1.0,27.0,4.81,5.0,-0.03,3200
유원상,17  P,7.1,6.14,5.98,1.64,-0.04,6000
김홍빈,17  P,7.1,7.36,4.53,2.18,-0.04,2700
김성배,17  P,44.0,5.32,5.55,1.27,-0.04,15000
최영필,17  P,1.1,20.25,4.66,3.75,-0.04,14000
김태훈,17  P,41.1,6.53,6.03,1.94,-0.05,2800
김찬호,17  P,5.1,11.81,4.88,2.81,-0.05,2900
박경태,17  P,4.0,9.0,4.66,2.5,-0.06,4900
허건엽,17  P,8.1,8.64,5.48,2.04,-0.06,3300
홍건희,17  P,59.0,6.41,4.69,1.76,-0.06,9000
최원재,17  P,2.0,13.5,10.76,3.5,-0.06,3700
안규영,17  P,5.1,13.5,6.98,2.81,-0.08,4000
조무근,17  P,14.2,7.36,5.14,1.64,-0.08,5700
김현우,17  P,10.2,9.28,7.54,1.69,-0.09,5500
이수민,17  P,2.2,10.13,5.59,1.88,-0.09,3000
심수창,17  P,57.0,4.74,4.76,1.63,-0.09,25000
박근홍,17  P,15.1,9.39,6.71,1.76,-0.10,10000
윤길현,17  P,39.1,6.41,3.96,1.58,-0.10,50000
고원준,17  P,9.1,10.61,5.26,2.68,-0.11,6800
송신영,17  P,6.1,4.26,2.82,0.95,-0.12,14000
배재환,17  P,8.0,9.0,11.23,2.38,-0.12,4000
김건태,17  P,6.0,12.0,5.14,2.5,-0.14,4200
마정길,17  P,10.1,10.45,7.47,1.74,-0.14,20000
홍성무,17  P,6.1,12.79,7.44,2.68,-0.15,3000
황덕균,17  P,15.0,9.6,7.37,1.93,-0.16,3500
박주현,17  P,2.1,34.71,13.29,5.14,-0.16,5500
홍상삼,17  P,17.0,7.94,6.95,1.82,-0.16,12500
박지훈,17  P,14.0,7.07,5.49,1.79,-0.17,5000
최성영,17  P,11.1,9.53,9.1,2.12,-0.18,2900
정수민,17  P,28.0,6.75,6.56,1.68,-0.18,3700
김진우,17  P,36.1,7.93,6.79,2.06,-0.19,12000
김지용,17  P,53.0,5.09,6.16,1.38,-0.19,10000
임대한,17  P,14.0,9.0,7.76,2.93,-0.19,3700
전유수,17  P,20.2,6.53,4.76,1.98,-0.20,11000
배힘찬,17  P,3.1,29.7,11.92,3.6,-0.21,3300
배우열,17  P,34.1,8.65,5.4,1.95,-0.21,4600
문광은,17  P,44.2,7.05,4.84,1.59,-0.25,4500
최동환,17  P,38.0,5.68,6.62,1.42,-0.26,6000
최금강,17  P,89.2,7.33,6.37,1.62,-0.27,14000
김민우,17  P,7.1,17.18,7.93,3.55,-0.29,3800
오설리반,17  P,8.0,15.75,6.47,2.38,-0.30,110000
정영일,17  P,8.0,10.13,10.76,2.25,-0.31,4000
이현호,17  P,30.0,5.7,6.45,2.07,-0.37,6000
노경은,17  P,14.2,11.66,7.99,2.25,-0.41,16000
신정락,17  P,59.0,5.34,4.24,1.44,-0.41,7500
김광수,17  P,20.2,11.76,7.35,2.03,-0.41,11000
김범수,17  P,31.0,8.71,8.3,2.16,-0.42,3300
권혁,17  P,31.1,6.32,6.51,1.53,-0.43,45000
채병용,17  P,50.0,6.84,5.01,1.54,-0.44,25000
헥터,16  P,206.2,3.4,3.82,1.27,8.23,170000
양현종,16  P,200.1,3.68,4.77,1.34,7.13,75000
니퍼트,16  P,167.2,2.95,4.41,1.24,6.26,120000
켈리,16  P,200.1,3.68,4.27,1.32,6.23,75000
장원준,16  P,168.0,3.32,4.76,1.41,5.37,100000
피어밴드,16  P,182.0,4.45,4.75,1.53,5.29,42000
해커,16  P,140.2,3.45,4.21,1.16,4.84,60000
레일리,16  P,184.2,4.34,4.73,1.4,4.79,63000
보우덴,16  P,180.0,3.8,4.18,1.18,4.76,65000
윤성환,16  P,180.0,4.35,5.64,1.35,4.49,80000
유희관,16  P,185.2,4.41,5.35,1.45,4.44,40000
주권,16  P,134.0,5.1,5.44,1.54,4.43,3600
린드블럼,16  P,177.1,5.28,5.54,1.55,3.65,120000
스튜어트,16  P,150.0,4.56,4.45,1.43,3.61,50000
김광현,16  P,137.0,3.88,4.64,1.31,3.59,85000
차우찬,16  P,152.1,4.73,5.01,1.53,3.37,40000
류제국,16  P,161.1,4.3,4.88,1.38,3.35,18000
밴와트,16  P,134.2,5.95,5.61,1.64,3.01,40000
지크,16  P,152.0,5.27,4.93,1.68,2.83,70000
윤희상,16  P,122.2,4.84,5.74,1.52,2.67,12000
밴헤켄,16  P,72.0,3.38,4.11,1.03,2.58,100000
소사,16  P,199.0,5.16,4.35,1.49,2.54,50000
이태양,16  P,112.1,4.97,6.29,1.69,2.48,6500
이재학,16  P,127.2,4.58,4.85,1.52,2.31,20000
임창민,16  P,70.0,2.57,3.39,1.3,2.30,17400
정우람,16  P,81.0,3.33,3.64,1.11,2.27,120000
박세웅,16  P,139.0,5.76,4.82,1.6,2.26,2700
원종현,16  P,70.2,3.18,3.18,0.98,2.17,8000
이정민,16  P,77.0,3.16,4.27,1.35,2.01,6500
홍건희,16  P,90.1,4.98,4.63,1.59,1.99,4500
심창민,16  P,72.2,2.97,3.8,1.17,1.97,14000
코엘로,16  P,62.0,3.77,5.74,1.48,1.82,40000
허프,16  P,74.2,3.13,3.43,1.08,1.82,55000
김지용,16  P,63.0,3.57,4.8,1.11,1.72,4000
채병용,16  P,83.2,4.3,4.67,1.27,1.72,25000
마리몬,16  P,62.0,5.23,4.75,1.44,1.71,40000
맥그레거,16  P,90.0,5.2,4.89,1.42,1.67,12000
권혁,16  P,95.1,3.87,4.34,1.42,1.65,45000
김세현,16  P,62.1,2.6,2.97,1.17,1.60,16000
최금강,16  P,108.0,5.0,4.99,1.47,1.57,9200
정재훈,16  P,52.1,3.27,3.49,1.15,1.53,15000
박진형,16  P,93.0,5.81,5.53,1.67,1.52,2800
최영필,16  P,57.1,3.61,3.73,1.43,1.52,13000
박종훈,16  P,140.0,5.66,6.35,1.66,1.49,7000
박희수,16  P,54.2,3.29,4.85,1.26,1.47,14000
손승락,16  P,50.2,4.26,4.52,1.68,1.29,70000
웹스터,16  P,71.0,5.7,6.02,1.68,1.26,75000
이태양,16  P,47.0,4.21,6.82,1.49,1.25,6500
오주원,16  P,51.0,4.41,4.26,1.31,1.22,8800
윤명준,16  P,57.0,3.95,4.66,1.19,1.20,11500
우규민,16  P,132.0,4.91,5.39,1.53,1.20,40000
김진성,16  P,84.1,4.48,4.06,1.13,1.16,15000
송창식,16  P,97.2,4.98,5.23,1.45,1.13,16000
정대현,16  P,91.1,7.29,6.04,1.74,1.12,32000
윤석민,16  P,31.0,3.19,3.83,1.42,1.12,125000
카스티요,16  P,84.0,6.43,5.29,1.74,1.11,20000
김광수,16  P,52.1,5.16,4.76,1.7,1.05,10000
이민호,16  P,130.2,5.51,5.38,1.64,1.04,13500
장필준,16  P,72.0,5.13,5.08,1.5,1.04,2800
김재윤,16  P,54.1,4.97,3.11,1.4,1.00,7200
심재민,16  P,54.1,5.47,5.39,1.82,0.97,4700
권오준,16  P,46.1,3.88,5.6,1.27,0.96,7000
백정현,16  P,68.2,5.77,4.44,1.5,0.95,5500
김상수,16  P,74.0,4.62,4.02,1.5,0.95,31000
로위,16  P,60.0,6.3,4.87,1.88,0.93,17000
고영표,16  P,56.1,5.59,4.35,1.49,0.92,4400
배장호,16  P,23.2,3.8,5.28,1.52,0.91,4600
박민석,16  P,21.2,1.66,4.66,0.97,0.90,2700
송은범,16  P,122.0,6.42,5.14,1.7,0.84,45000
마정길,16  P,63.2,4.1,5.92,1.49,0.82,20000
윤규진,16  P,100.1,6.82,6.57,1.78,0.81,17000
임정우,16  P,70.2,3.82,3.76,1.54,0.80,12500
로저스,16  P,37.2,4.3,4.75,1.43,0.80,170000
임창용,16  P,35.0,4.37,3.94,1.57,0.75,30000
임기준,16  P,31.1,6.03,7.37,2.23,0.71,3300
장시환,16  P,75.1,6.33,5.1,1.81,0.68,8900
정성곤,16  P,66.1,5.83,5.0,1.58,0.67,3900
이창재,16  P,40.1,5.13,4.96,1.56,0.66,4400
배우열,16  P,40.1,4.02,4.42,1.61,0.60,3600
엄상백,16  P,73.1,6.75,5.46,1.81,0.59,6000
노경은,16  P,94.2,6.85,6.24,1.86,0.58,20000
김대우,16  P,66.0,5.05,5.41,1.53,0.56,11000
이보근,16  P,64.2,4.45,4.16,1.48,0.54,8400
하영민,16  P,28.2,3.14,4.95,1.47,0.53,5500
김건태,16  P,63.1,5.26,6.54,1.58,0.52,3400
고원준,16  P,24.2,5.47,5.09,1.7,0.47,6800
박준표,16  P,51.2,6.27,5.25,1.59,0.46,4500
정수민,16  P,48.0,6.19,5.81,1.83,0.45,2700
김기태,16  P,75.0,7.08,7.6,1.55,0.43,4000
허준혁,16  P,89.1,5.64,6.53,1.62,0.43,7500
정인욱,16  P,111.0,6.81,6.66,1.8,0.42,6000
박근홍,16  P,41.0,7.46,5.52,1.68,0.38,11000
김사율,16  P,30.1,5.34,5.42,1.52,0.37,20000
홍성용,16  P,46.1,6.02,6.05,1.83,0.36,7000
김진우,16  P,15.0,4.8,6.4,1.4,0.35,12000
김태훈,16  P,14.2,4.3,6.05,1.84,0.35,2700
심동섭,16  P,37.2,6.45,5.69,1.75,0.35,14000
봉중근,16  P,36.1,4.95,6.22,1.73,0.34,30000
박민호,16  P,36.2,4.91,5.33,1.34,0.34,4000
김명찬,16  P,13.0,4.85,4.43,1.62,0.31,2900
김건한,16  P,9.2,3.72,4.94,1.24,0.28,6000
조무근,16  P,38.2,8.61,6.18,2.22,0.28,8500
김선규,16  P,15.1,2.93,5.86,1.83,0.27,6000
홍성민,16  P,42.1,4.46,5.05,1.44,0.26,12000
정대훈,16  P,38.2,4.89,4.29,1.47,0.24,5100
진야곱,16  P,62.0,4.94,5.57,1.74,0.24,6000
안상빈,16  P,12.0,6.0,6.57,1.67,0.24,3700
이용찬,16  P,6.2,2.7,2.37,1.05,0.23,14500
문승원,16  P,63.2,6.64,6.31,1.87,0.21,2900
홍상삼,16  P,12.0,5.25,3.02,1.75,0.19,22000
정찬헌,16  P,8.0,3.38,4.54,1.25,0.19,5100
임찬규,16  P,47.0,6.51,6.25,1.66,0.18,4800
피노,16  P,39.0,7.15,5.5,1.97,0.16,30000
김현우,16  P,20.2,3.48,4.57,1.45,0.16,4500
박정진,16  P,84.0,5.57,4.49,1.54,0.14,30000
송신영,16  P,14.1,5.02,4.5,1.81,0.14,19000
홍성무,16  P,9.0,4.0,3.9,1.33,0.13,3600
세든,16  P,62.0,5.37,4.94,1.5,0.13,40000
김정인,16  P,2.0,0.0,9.19,3.0,0.12,3000
최성영,16  P,4.2,1.93,3.43,2.14,0.12,2700
김강률,16  P,28.0,5.14,5.32,1.71,0.12,6200
윤길현,16  P,60.0,6.0,4.88,1.62,0.11,50000
서진용,16  P,26.2,4.73,4.39,1.46,0.11,3000
최동환,16  P,34.2,4.41,5.04,1.3,0.10,3500
전유수,16  P,54.1,5.13,5.08,1.77,0.10,13000
강영식,16  P,11.2,5.4,6.32,1.89,0.09,30000
김민수,16  P,8.0,6.75,5.02,2.13,0.09,3200
민성기,16  P,28.1,6.04,5.57,1.69,0.08,3300
이동걸,16  P,5.0,5.4,9.74,1.6,0.07,5200
고효준,16  P,46.0,6.07,4.99,1.8,0.07,8000
이준형,16  P,71.1,6.18,5.81,1.81,0.07,2800
박종윤,16  P,2.0,4.5,7.34,3.5,0.06,16000
이승현,16  P,41.0,5.49,5.89,1.68,0.06,3700
서캠프,16  P,41.1,6.31,5.15,1.72,0.04,45000
김윤환,16  P,1.0,0.0,7.34,1.0,0.04,2700
전병두,16  P,0.1,0.0,4.24,0.0,0.03,5000
안규영,16  P,47.2,6.61,6.3,2.03,0.00,3000
강동연,16  P,7.2,8.22,7.82,1.96,0.00,2800
홍영현,16  P,6.1,7.11,6.69,2.37,0.00,2700
임서준,16  P,6.1,5.68,4.13,2.05,0.00,2700
박한길,16  P,16.1,6.06,4.96,1.9,0.00,3000
유재훈,16  P,0.1,0.0,15.34,6.0,-0.01,2700
송승준,16  P,41.1,8.71,5.58,2.01,-0.01,40000
곽정철,16  P,27.1,7.9,6.81,2.05,-0.01,5500
김원중,16  P,7.2,9.39,8.95,1.96,-0.01,3600
심수창,16  P,113.1,5.96,5.68,1.73,-0.02,25000
윤근영,16  P,4.0,6.75,8.27,2.75,-0.02,6200
차재용,16  P,2.2,20.25,13.35,2.63,-0.03,2800
이경우,16  P,2.0,13.5,8.94,1.5,-0.03,2800
강윤구,16  P,1.0,18.0,19.24,2.0,-0.03,8000
임현준,16  P,1.0,36.0,19.24,4.0,-0.03,3300
정대현,16  P,17.1,5.19,7.26,2.13,-0.03,32000
강승현,16  P,8.1,9.72,6.86,2.28,-0.03,2900
박상혁,16  CF,2.1,7.71,10.11,2.57,-0.04,2700
유창식,16  P,1.1,20.25,27.12,6.0,-0.04,6000
한승혁,16  P,33.1,4.86,4.94,1.65,-0.04,7000
정재원,16  P,21.1,7.59,4.79,1.73,-0.04,3700
함덕주,16  P,8.2,6.23,6.16,2.42,-0.04,10000
강장산,16  P,2.1,11.57,17.36,2.57,-0.05,3000
금민철,16  P,26.1,5.13,4.8,1.71,-0.06,7900
신용운,16  P,8.0,3.38,4.77,2.0,-0.06,5500
배힘찬,16  P,5.2,7.94,7.1,1.76,-0.06,3300
최원재,16  P,9.1,8.68,3.9,1.71,-0.06,4600
이재우,16  P,25.1,6.04,8.65,1.89,-0.06,9000
신재웅,16  P,18.0,5.5,7.97,1.83,-0.07,16500
이정훈,16  P,18.0,7.0,5.97,2.06,-0.09,4900
이상화,16  P,32.2,7.99,5.9,1.99,-0.10,5000
진해수,16  P,54.0,4.67,4.91,1.74,-0.10,9500
김택형,16  P,28.1,7.62,4.88,1.84,-0.11,4400
레온,16  P,8.0,11.25,5.8,2.13,-0.12,45000
오현택,16  P,20.2,6.1,4.66,1.55,-0.14,11000
조승수,16  P,8.1,10.8,9.47,2.04,-0.15,2900
이성민,16  P,68.2,7.08,6.33,1.91,-0.15,9500
김승회,16  P,24.1,5.92,5.26,1.56,-0.15,22000
장원삼,16  P,78.1,7.01,5.93,1.75,-0.16,75000
안영명,16  P,2.2,20.25,7.95,4.88,-0.16,28000
조현근,16  P,5.1,13.5,8.68,2.81,-0.17,4500
코프랜드,16  P,63.1,5.54,6.8,1.78,-0.17,20000
한기주,16  P,56.2,7.62,7.22,1.96,-0.19,6500
장진용,16  P,5.1,20.25,13.48,2.81,-0.20,5000
윤지웅,16  P,44.0,6.55,4.63,1.5,-0.21,12500
이명우,16  P,33.0,9.27,5.65,1.79,-0.21,15000
벨레스터,16  P,12.1,8.03,7.21,2.59,-0.21,40000
